gt_track_id,on_mat,on_mat_pct,in_blueprint_pct,in_quad_pct,gt_matched_frames,coverage_clip_pct,coverage_presence_pct,low_confidence,median_box_area,seg_index,frame_start,frame_end,n_frames,tracklet_id,tracklet_purity,tracklet_total_matched,d1_node_id,d1_segment_type,d1_capacity,in_group_span,group_gt_box_iou,person_id,canonical_person_id,agrees_with_canonical,failure_mode
0,True,100.0,100.0,96.8,1705,96.7,96.6,False,59795.9,0,0,104,106,t2,0.7125,1666.0,G:0-104:carrier=t2:d=none:n=t17,,,False,,p0001,p0001,True,present
0,True,100.0,100.0,96.8,1705,96.7,96.6,False,59795.9,1,105,105,1,t17,1.0,1.0,T:t17,,,False,,p0002,p0001,False,present_misattributed
0,True,100.0,100.0,96.8,1705,96.7,96.6,False,59795.9,2,106,106,1,,,,,,,False,,,p0001,,stage_a_no_detection
0,True,100.0,100.0,96.8,1705,96.7,96.6,False,59795.9,3,107,119,13,t2,0.7125,1666.0,G:106-119:carrier=t2:d=t17:n=t21,,,False,,p0001,p0001,True,present
0,True,100.0,100.0,96.8,1705,96.7,96.6,False,59795.9,4,120,120,1,t21,1.0,1.0,T:t21,,,False,,p0002,p0001,False,present_misattributed
0,True,100.0,100.0,96.8,1705,96.7,96.6,False,59795.9,5,121,121,1,,,,,,,False,,,p0001,,stage_a_no_detection
0,True,100.0,100.0,96.8,1705,96.7,96.6,False,59795.9,6,122,155,34,t2,0.7125,1666.0,G:121-362:carrier=t2:d=t21:n=t49,,,False,,p0001,p0001,True,present
0,True,100.0,100.0,96.8,1705,96.7,96.6,False,59795.9,7,156,156,1,,,,,,,False,,,p0001,,stage_a_no_detection
0,True,100.0,100.0,96.8,1705,96.7,96.6,False,59795.9,8,157,346,190,t2,0.7125,1666.0,G:121-362:carrier=t2:d=t21:n=t49,,,False,,p0001,p0001,True,present
0,True,100.0,100.0,96.8,1705,96.7,96.6,False,59795.9,9,347,348,2,,,,,,,False,,,p0001,,stage_a_no_detection
0,True,100.0,100.0,96.8,1705,96.7,96.6,False,59795.9,10,349,362,14,t2,0.7125,1666.0,G:121-362:carrier=t2:d=t21:n=t49,,,False,,p0001,p0001,True,present
0,True,100.0,100.0,96.8,1705,96.7,96.6,False,59795.9,11,363,368,6,t2,0.7125,1666.0,T:t2:s5:363-403,,,False,,p0001,p0001,True,present
0,True,100.0,100.0,96.8,1705,96.7,96.6,False,59795.9,12,369,369,1,,,,,,,False,,,p0001,,stage_a_no_detection
0,True,100.0,100.0,96.8,1705,96.7,96.6,False,59795.9,13,370,378,9,t2,0.7125,1666.0,T:t2:s5:363-403,,,False,,p0001,p0001,True,present
0,True,100.0,100.0,96.8,1705,96.7,96.6,False,59795.9,14,379,379,1,t49,0.0833,12.0,T:t49,SOLO,1.0,False,,p0002,p0001,False,present_misattributed
0,True,100.0,100.0,96.8,1705,96.7,96.6,False,59795.9,15,380,391,12,t2,0.7125,1666.0,T:t2:s5:363-403,,,False,,p0001,p0001,True,present
0,True,100.0,100.0,96.8,1705,96.7,96.6,False,59795.9,16,392,392,1,,,,,,,False,,,p0001,,stage_a_no_detection
0,True,100.0,100.0,96.8,1705,96.7,96.6,False,59795.9,17,393,403,11,t2,0.7125,1666.0,T:t2:s5:363-403,,,False,,p0001,p0001,True,present
0,True,100.0,100.0,96.8,1705,96.7,96.6,False,59795.9,18,404,445,42,t2,0.7125,1666.0,G:404-488:carrier=t2:d=t51:n=t62,GROUP,2.0,True,,p0001,p0001,True,present
0,True,100.0,100.0,96.8,1705,96.7,96.6,False,59795.9,19,446,447,2,,,,,,,False,,,p0001,,stage_a_no_detection
0,True,100.0,100.0,96.8,1705,96.7,96.6,False,59795.9,20,448,452,5,t2,0.7125,1666.0,G:404-488:carrier=t2:d=t51:n=t62,GROUP,2.0,True,,p0001,p0001,True,present
0,True,100.0,100.0,96.8,1705,96.7,96.6,False,59795.9,21,453,453,1,,,,,,,False,,,p0001,,stage_a_no_detection
0,True,100.0,100.0,96.8,1705,96.7,96.6,False,59795.9,22,454,488,35,t2,0.7125,1666.0,G:404-488:carrier=t2:d=t51:n=t62,GROUP,2.0,True,,p0001,p0001,True,present
0,True,100.0,100.0,96.8,1705,96.7,96.6,False,59795.9,23,489,562,74,t2,0.7125,1666.0,T:t2:s7:489-567,,,False,,p0001,p0001,True,present
0,True,100.0,100.0,96.8,1705,96.7,96.6,False,59795.9,24,563,566,4,t62,0.1176,34.0,T:t62,SOLO,1.0,False,,p0006,p0001,False,present_misattributed
0,True,100.0,100.0,96.8,1705,96.7,96.6,False,59795.9,25,567,567,1,t2,0.7125,1666.0,T:t2:s7:489-567,,,False,,p0001,p0001,True,present
0,True,100.0,100.0,96.8,1705,96.7,96.6,False,59795.9,26,568,625,58,t2,0.7125,1666.0,G:568-625:carrier=t2:d=t62:n=t81,GROUP,2.0,True,,p0001,p0001,True,present
0,True,100.0,100.0,96.8,1705,96.7,96.6,False,59795.9,27,626,672,47,t2,0.7125,1666.0,T:t2:s9:626-672,,,False,,p0001,p0001,True,present
0,True,100.0,100.0,96.8,1705,96.7,96.6,False,59795.9,28,673,682,10,t2,0.7125,1666.0,G:673-682:carrier=t2:d=t81:n=t81_s2,GROUP,2.0,True,0.2817,p0001,p0001,True,present
0,True,100.0,100.0,96.8,1705,96.7,96.6,False,59795.9,29,683,698,16,t2,0.7125,1666.0,G:683-711:carrier=t2:d=t81_s1:n=t86,,,False,,p0001,p0001,True,present
0,True,100.0,100.0,96.8,1705,96.7,96.6,False,59795.9,30,699,699,1,t81,0.0169,59.0,,,,False,,p0006,p0001,False,present_misattributed
0,True,100.0,100.0,96.8,1705,96.7,96.6,False,59795.9,31,700,711,12,t2,0.7125,1666.0,G:683-711:carrier=t2:d=t81_s1:n=t86,,,False,,p0001,p0001,True,present
0,True,100.0,100.0,96.8,1705,96.7,96.6,False,59795.9,32,712,718,7,t86,0.9375,16.0,T:t86,,,False,,p0005,p0001,False,present_misattributed
0,True,100.0,100.0,96.8,1705,96.7,96.6,False,59795.9,33,719,719,1,t2,0.7125,1666.0,T:t2:s12:712-894,,,False,,p0001,p0001,True,present
0,True,100.0,100.0,96.8,1705,96.7,96.6,False,59795.9,34,720,727,8,t86,0.9375,16.0,T:t86,,,False,,p0005,p0001,False,present_misattributed
0,True,100.0,100.0,96.8,1705,96.7,96.6,False,59795.9,35,728,729,2,t2,0.7125,1666.0,T:t2:s12:712-894,,,False,,p0001,p0001,True,present
0,True,100.0,100.0,96.8,1705,96.7,96.6,False,59795.9,36,730,730,1,,,,,,,False,,,p0001,,stage_a_no_detection
0,True,100.0,100.0,96.8,1705,96.7,96.6,False,59795.9,37,731,926,196,t88,1.0,491.0,G:731-1041:carrier=t88:d=none:n=t110,,,False,,,p0001,,d4_unassigned
0,True,100.0,100.0,96.8,1705,96.7,96.6,False,59795.9,38,927,928,2,t2,0.7125,1666.0,G:895-1264:carrier=t2:d=t102:n=t135,,,False,,p0001,p0001,True,present
0,True,100.0,100.0,96.8,1705,96.7,96.6,False,59795.9,39,929,978,50,t88,1.0,491.0,G:731-1041:carrier=t88:d=none:n=t110,,,False,,,p0001,,d4_unassigned
0,True,100.0,100.0,96.8,1705,96.7,96.6,False,59795.9,40,979,981,3,,,,,,,False,,,p0001,,stage_a_no_detection
0,True,100.0,100.0,96.8,1705,96.7,96.6,False,59795.9,41,982,1002,21,t88,1.0,491.0,G:731-1041:carrier=t88:d=none:n=t110,,,False,,,p0001,,d4_unassigned
0,True,100.0,100.0,96.8,1705,96.7,96.6,False,59795.9,42,1003,1003,1,,,,,,,False,,,p0001,,stage_a_no_detection
0,True,100.0,100.0,96.8,1705,96.7,96.6,False,59795.9,43,1004,1041,38,t88,1.0,491.0,G:731-1041:carrier=t88:d=none:n=t110,,,False,,,p0001,,d4_unassigned
0,True,100.0,100.0,96.8,1705,96.7,96.6,False,59795.9,44,1042,1042,1,t88,1.0,491.0,T:t88:s1:1042-1042,,,False,,p0010,p0001,False,present_misattributed
0,True,100.0,100.0,96.8,1705,96.7,96.6,False,59795.9,45,1043,1048,6,t88,1.0,491.0,G:1043-1148:carrier=t88:d=t110:n=t122,,,False,,p0005,p0001,False,present_misattributed
0,True,100.0,100.0,96.8,1705,96.7,96.6,False,59795.9,46,1049,1049,1,,,,,,,False,,,p0001,,stage_a_no_detection
0,True,100.0,100.0,96.8,1705,96.7,96.6,False,59795.9,47,1050,1148,99,t88,1.0,491.0,G:1043-1148:carrier=t88:d=t110:n=t122,,,False,,p0005,p0001,False,present_misattributed
0,True,100.0,100.0,96.8,1705,96.7,96.6,False,59795.9,48,1149,1149,1,t88,1.0,491.0,T:t88:s3:1149-1149,,,False,,p0005,p0001,False,present_misattributed
0,True,100.0,100.0,96.8,1705,96.7,96.6,False,59795.9,49,1150,1150,1,,,,,,,False,,,p0001,,stage_a_no_detection
0,True,100.0,100.0,96.8,1705,96.7,96.6,False,59795.9,50,1151,1151,1,t88,1.0,491.0,G:1150-1234:carrier=t88:d=t122:n=none,,,False,,p0005,p0001,False,present_misattributed
0,True,100.0,100.0,96.8,1705,96.7,96.6,False,59795.9,51,1152,1152,1,,,,,,,False,,,p0001,,stage_a_no_detection
0,True,100.0,100.0,96.8,1705,96.7,96.6,False,59795.9,52,1153,1167,15,t88,1.0,491.0,G:1150-1234:carrier=t88:d=t122:n=none,,,False,,p0005,p0001,False,present_misattributed
0,True,100.0,100.0,96.8,1705,96.7,96.6,False,59795.9,53,1168,1168,1,,,,,,,False,,,p0001,,stage_a_no_detection
0,True,100.0,100.0,96.8,1705,96.7,96.6,False,59795.9,54,1169,1194,26,t88,1.0,491.0,G:1150-1234:carrier=t88:d=t122:n=none,,,False,,p0005,p0001,False,present_misattributed
0,True,100.0,100.0,96.8,1705,96.7,96.6,False,59795.9,55,1195,1196,2,,,,,,,False,,,p0001,,stage_a_no_detection
0,True,100.0,100.0,96.8,1705,96.7,96.6,False,59795.9,56,1197,1211,15,t88,1.0,491.0,G:1150-1234:carrier=t88:d=t122:n=none,,,False,,p0005,p0001,False,present_misattributed
0,True,100.0,100.0,96.8,1705,96.7,96.6,False,59795.9,57,1212,1212,1,,,,,,,False,,,p0001,,stage_a_no_detection
0,True,100.0,100.0,96.8,1705,96.7,96.6,False,59795.9,58,1213,1234,22,t88,1.0,491.0,G:1150-1234:carrier=t88:d=t122:n=none,,,False,,p0005,p0001,False,present_misattributed
0,True,100.0,100.0,96.8,1705,96.7,96.6,False,59795.9,59,1235,1255,21,t2,0.7125,1666.0,G:895-1264:carrier=t2:d=t102:n=t135,,,False,,p0001,p0001,True,present
0,True,100.0,100.0,96.8,1705,96.7,96.6,False,59795.9,60,1256,1256,1,,,,,,,False,,,p0001,,stage_a_no_detection
0,True,100.0,100.0,96.8,1705,96.7,96.6,False,59795.9,61,1257,1264,8,t2,0.7125,1666.0,G:895-1264:carrier=t2:d=t102:n=t135,,,False,,p0001,p0001,True,present
0,True,100.0,100.0,96.8,1705,96.7,96.6,False,59795.9,62,1265,1278,14,t2,0.7125,1666.0,T:t2:s14:1265-1577,,,False,,p0001,p0001,True,present
0,True,100.0,100.0,96.8,1705,96.7,96.6,False,59795.9,63,1279,1279,1,,,,,,,False,,,p0001,,stage_a_no_detection
0,True,100.0,100.0,96.8,1705,96.7,96.6,False,59795.9,64,1280,1305,26,t2,0.7125,1666.0,T:t2:s14:1265-1577,,,False,,p0001,p0001,True,present
0,True,100.0,100.0,96.8,1705,96.7,96.6,False,59795.9,65,1306,1307,2,,,,,,,False,,,p0001,,stage_a_no_detection
0,True,100.0,100.0,96.8,1705,96.7,96.6,False,59795.9,66,1308,1501,194,t2,0.7125,1666.0,T:t2:s14:1265-1577,,,False,,p0001,p0001,True,present
0,True,100.0,100.0,96.8,1705,96.7,96.6,False,59795.9,67,1502,1506,5,,,,,,,False,,,p0001,,stage_a_no_detection
0,True,100.0,100.0,96.8,1705,96.7,96.6,False,59795.9,68,1507,1576,70,t2,0.7125,1666.0,T:t2:s14:1265-1577,,,False,,p0001,p0001,True,present
0,True,100.0,100.0,96.8,1705,96.7,96.6,False,59795.9,69,1577,1577,1,t135,0.0047,214.0,T:t135,SOLO,1.0,False,,p0003,p0001,False,present_misattributed
0,True,100.0,100.0,96.8,1705,96.7,96.6,False,59795.9,70,1578,1578,1,,,,,,,False,,,p0001,,stage_a_no_detection
0,True,100.0,100.0,96.8,1705,96.7,96.6,False,59795.9,71,1579,1587,9,t2,0.7125,1666.0,G:1578-1587:carrier=t2:d=t135:n=t161,,,False,,p0001,p0001,True,present
0,True,100.0,100.0,96.8,1705,96.7,96.6,False,59795.9,72,1588,1611,24,t2,0.7125,1666.0,T:t2:s16:1588-1648,,,False,,p0001,p0001,True,present
0,True,100.0,100.0,96.8,1705,96.7,96.6,False,59795.9,73,1612,1612,1,,,,,,,False,,,p0001,,stage_a_no_detection
0,True,100.0,100.0,96.8,1705,96.7,96.6,False,59795.9,74,1613,1623,11,t2,0.7125,1666.0,T:t2:s16:1588-1648,,,False,,p0001,p0001,True,present
0,True,100.0,100.0,96.8,1705,96.7,96.6,False,59795.9,75,1624,1624,1,,,,,,,False,,,p0001,,stage_a_no_detection
0,True,100.0,100.0,96.8,1705,96.7,96.6,False,59795.9,76,1625,1626,2,t2,0.7125,1666.0,T:t2:s16:1588-1648,,,False,,p0001,p0001,True,present
0,True,100.0,100.0,96.8,1705,96.7,96.6,False,59795.9,77,1627,1631,5,,,,,,,False,,,p0001,,stage_a_no_detection
0,True,100.0,100.0,96.8,1705,96.7,96.6,False,59795.9,78,1632,1648,17,t2,0.7125,1666.0,T:t2:s16:1588-1648,,,False,,p0001,p0001,True,present
0,True,100.0,100.0,96.8,1705,96.7,96.6,False,59795.9,79,1649,1712,64,t2,0.7125,1666.0,G:1649-1716:carrier=t2:d=t161:n=t165,,,False,,p0001,p0001,True,present
0,True,100.0,100.0,96.8,1705,96.7,96.6,False,59795.9,80,1713,1713,1,,,,,,,False,,,p0001,,stage_a_no_detection
0,True,100.0,100.0,96.8,1705,96.7,96.6,False,59795.9,81,1714,1715,2,t2,0.7125,1666.0,G:1649-1716:carrier=t2:d=t161:n=t165,,,False,,p0001,p0001,True,present
0,True,100.0,100.0,96.8,1705,96.7,96.6,False,59795.9,82,1716,1716,1,,,,,,,False,,,p0001,,stage_a_no_detection
0,True,100.0,100.0,96.8,1705,96.7,96.6,False,59795.9,83,1717,1718,2,t165,0.75,4.0,T:t165,,,False,,p0003,p0001,False,present_misattributed
0,True,100.0,100.0,96.8,1705,96.7,96.6,False,59795.9,84,1719,1720,2,t2,0.7125,1666.0,T:t2:s18:1717-1735,,,False,,p0001,p0001,True,present
0,True,100.0,100.0,96.8,1705,96.7,96.6,False,59795.9,85,1721,1721,1,t165,0.75,4.0,T:t165,,,False,,p0003,p0001,False,present_misattributed
0,True,100.0,100.0,96.8,1705,96.7,96.6,False,59795.9,86,1722,1735,14,t2,0.7125,1666.0,T:t2:s18:1717-1735,,,False,,p0001,p0001,True,present
0,True,100.0,100.0,96.8,1705,96.7,96.6,False,59795.9,87,1736,1741,6,t2,0.7125,1666.0,G:1736-1763:carrier=t2:d=t165:n=none,,,False,,p0001,p0001,True,present
0,True,100.0,100.0,96.8,1705,96.7,96.6,False,59795.9,88,1742,1753,12,,,,,,,False,,,p0001,,stage_a_no_detection
0,True,100.0,100.0,96.8,1705,96.7,96.6,False,59795.9,89,1754,1756,3,t2,0.7125,1666.0,G:1736-1763:carrier=t2:d=t165:n=none,,,False,,p0001,p0001,True,present
0,True,100.0,100.0,96.8,1705,96.7,96.6,False,59795.9,90,1757,1763,7,,,,,,,False,,,p0001,,stage_a_no_detection
1,True,100.0,100.0,3.8,1624,92.1,92.0,False,39463.9,0,0,7,9,t1,1.0,1616.0,T:t1:s0:0-8,,,False,,p0005,p0009,False,present_misattributed
1,True,100.0,100.0,3.8,1624,92.1,92.0,False,39463.9,1,8,8,1,t8,1.0,1.0,T:t8,,,False,,p0010,p0009,False,present_misattributed
1,True,100.0,100.0,3.8,1624,92.1,92.0,False,39463.9,2,9,9,1,,,,,,,False,,,p0009,,stage_a_no_detection
1,True,100.0,100.0,3.8,1624,92.1,92.0,False,39463.9,3,10,137,128,t1,1.0,1616.0,G:9-137:carrier=t1:d=t8:n=t25,,,False,,p0005,p0009,False,present_misattributed
1,True,100.0,100.0,3.8,1624,92.1,92.0,False,39463.9,4,138,138,1,t25,1.0,1.0,T:t25,,,False,,p0010,p0009,False,present_misattributed
1,True,100.0,100.0,3.8,1624,92.1,92.0,False,39463.9,5,139,139,1,,,,,,,False,,,p0009,,stage_a_no_detection
1,True,100.0,100.0,3.8,1624,92.1,92.0,False,39463.9,6,140,169,30,t1,1.0,1616.0,G:139-169:carrier=t1:d=t25:n=t29,,,False,,p0005,p0009,False,present_misattributed
1,True,100.0,100.0,3.8,1624,92.1,92.0,False,39463.9,7,170,171,2,t1,1.0,1616.0,T:t1:s4:170-171,,,False,,p0005,p0009,False,present_misattributed
1,True,100.0,100.0,3.8,1624,92.1,92.0,False,39463.9,8,172,181,10,t1,1.0,1616.0,G:172-181:carrier=t1:d=t29:n=t31,GROUP,2.0,True,,p0005,p0009,False,present_misattributed
1,True,100.0,100.0,3.8,1624,92.1,92.0,False,39463.9,9,182,183,2,t1,1.0,1616.0,T:t1:s6:182-183,,,False,,p0005,p0009,False,present_misattributed
1,True,100.0,100.0,3.8,1624,92.1,92.0,False,39463.9,10,184,217,34,t1,1.0,1616.0,G:184-279:carrier=t1:d=t31:n=none,GROUP,2.0,True,,p0005,p0009,False,present_misattributed
1,True,100.0,100.0,3.8,1624,92.1,92.0,False,39463.9,11,218,222,5,,,,,,,False,,,p0009,,stage_a_no_detection
1,True,100.0,100.0,3.8,1624,92.1,92.0,False,39463.9,12,223,225,3,t1,1.0,1616.0,G:184-279:carrier=t1:d=t31:n=none,GROUP,2.0,True,,p0005,p0009,False,present_misattributed
1,True,100.0,100.0,3.8,1624,92.1,92.0,False,39463.9,13,226,226,1,,,,,,,False,,,p0009,,stage_a_no_detection
1,True,100.0,100.0,3.8,1624,92.1,92.0,False,39463.9,14,227,253,27,t1,1.0,1616.0,G:184-279:carrier=t1:d=t31:n=none,GROUP,2.0,True,,p0005,p0009,False,present_misattributed
1,True,100.0,100.0,3.8,1624,92.1,92.0,False,39463.9,15,254,255,2,,,,,,,False,,,p0009,,stage_a_no_detection
1,True,100.0,100.0,3.8,1624,92.1,92.0,False,39463.9,16,256,279,24,t1,1.0,1616.0,G:184-279:carrier=t1:d=t31:n=none,GROUP,2.0,True,,p0005,p0009,False,present_misattributed
1,True,100.0,100.0,3.8,1624,92.1,92.0,False,39463.9,17,280,531,252,t1,1.0,1616.0,,,,False,,,p0009,,d4_unassigned
1,True,100.0,100.0,3.8,1624,92.1,92.0,False,39463.9,18,532,532,1,t70,1.0,1.0,T:t70,,,False,,p0008,p0009,False,present_misattributed
1,True,100.0,100.0,3.8,1624,92.1,92.0,False,39463.9,19,533,533,1,,,,,,,False,,,p0009,,stage_a_no_detection
1,True,100.0,100.0,3.8,1624,92.1,92.0,False,39463.9,20,534,568,35,t1,1.0,1616.0,,,,False,,p0008,p0009,False,present_misattributed
1,True,100.0,100.0,3.8,1624,92.1,92.0,False,39463.9,21,569,571,3,t71,1.0,3.0,T:t71,,,False,,p0011,p0009,False,present_misattributed
1,True,100.0,100.0,3.8,1624,92.1,92.0,False,39463.9,22,572,572,1,,,,,,,False,,,p0009,,stage_a_no_detection
1,True,100.0,100.0,3.8,1624,92.1,92.0,False,39463.9,23,573,577,5,t1,1.0,1616.0,,,,False,,p0008,p0009,False,present_misattributed
1,True,100.0,100.0,3.8,1624,92.1,92.0,False,39463.9,24,578,583,6,t1,1.0,1616.0,,,,False,,p0009,p0009,True,present
1,True,100.0,100.0,3.8,1624,92.1,92.0,False,39463.9,25,584,584,1,t73,1.0,1.0,T:t73,,,False,,p0011,p0009,False,present_misattributed
1,True,100.0,100.0,3.8,1624,92.1,92.0,False,39463.9,26,585,585,1,,,,,,,False,,,p0009,,stage_a_no_detection
1,True,100.0,100.0,3.8,1624,92.1,92.0,False,39463.9,27,586,745,160,t1,1.0,1616.0,,,,False,,p0009,p0009,True,present
1,True,100.0,100.0,3.8,1624,92.1,92.0,False,39463.9,28,746,749,4,t1,1.0,1616.0,,,,False,,p0008,p0009,False,present_misattributed
1,True,100.0,100.0,3.8,1624,92.1,92.0,False,39463.9,29,750,750,1,,,,,,,False,,,p0009,,stage_a_no_detection
1,True,100.0,100.0,3.8,1624,92.1,92.0,False,39463.9,30,751,802,52,t1,1.0,1616.0,,,,False,,p0009,p0009,True,present
1,True,100.0,100.0,3.8,1624,92.1,92.0,False,39463.9,31,803,803,1,t92,1.0,1.0,T:t92,,,False,,p0009,p0009,True,present
1,True,100.0,100.0,3.8,1624,92.1,92.0,False,39463.9,32,804,804,1,,,,,,,False,,,p0009,,stage_a_no_detection
1,True,100.0,100.0,3.8,1624,92.1,92.0,False,39463.9,33,805,982,178,t1,1.0,1616.0,,,,False,,p0009,p0009,True,present
1,True,100.0,100.0,3.8,1624,92.1,92.0,False,39463.9,34,983,984,2,,,,,,,False,,,p0009,,stage_a_no_detection
1,True,100.0,100.0,3.8,1624,92.1,92.0,False,39463.9,35,985,1000,16,t1,1.0,1616.0,,,,False,,p0009,p0009,True,present
1,True,100.0,100.0,3.8,1624,92.1,92.0,False,39463.9,36,1001,1005,5,,,,,,,False,,,p0009,,stage_a_no_detection
1,True,100.0,100.0,3.8,1624,92.1,92.0,False,39463.9,37,1006,1006,1,t1,1.0,1616.0,,,,False,,p0009,p0009,True,present
1,True,100.0,100.0,3.8,1624,92.1,92.0,False,39463.9,38,1007,1009,3,,,,,,,False,,,p0009,,stage_a_no_detection
1,True,100.0,100.0,3.8,1624,92.1,92.0,False,39463.9,39,1010,1083,74,t1,1.0,1616.0,,,,False,,p0009,p0009,True,present
1,True,100.0,100.0,3.8,1624,92.1,92.0,False,39463.9,40,1084,1084,1,,,,,,,False,,,p0009,,stage_a_no_detection
1,True,100.0,100.0,3.8,1624,92.1,92.0,False,39463.9,41,1085,1270,186,t1,1.0,1616.0,,,,False,,p0009,p0009,True,present
1,True,100.0,100.0,3.8,1624,92.1,92.0,False,39463.9,42,1271,1271,1,,,,,,,False,,,p0009,,stage_a_no_detection
1,True,100.0,100.0,3.8,1624,92.1,92.0,False,39463.9,43,1272,1273,2,t1,1.0,1616.0,,,,False,,p0009,p0009,True,present
1,True,100.0,100.0,3.8,1624,92.1,92.0,False,39463.9,44,1274,1275,2,,,,,,,False,,,p0009,,stage_a_no_detection
1,True,100.0,100.0,3.8,1624,92.1,92.0,False,39463.9,45,1276,1282,7,t1,1.0,1616.0,,,,False,,p0009,p0009,True,present
1,True,100.0,100.0,3.8,1624,92.1,92.0,False,39463.9,46,1283,1283,1,,,,,,,False,,,p0009,,stage_a_no_detection
1,True,100.0,100.0,3.8,1624,92.1,92.0,False,39463.9,47,1284,1293,10,t1,1.0,1616.0,,,,False,,p0009,p0009,True,present
1,True,100.0,100.0,3.8,1624,92.1,92.0,False,39463.9,48,1294,1294,1,,,,,,,False,,,p0009,,stage_a_no_detection
1,True,100.0,100.0,3.8,1624,92.1,92.0,False,39463.9,49,1295,1297,3,t1,1.0,1616.0,,,,False,,p0009,p0009,True,present
1,True,100.0,100.0,3.8,1624,92.1,92.0,False,39463.9,50,1298,1302,5,,,,,,,False,,,p0009,,stage_a_no_detection
1,True,100.0,100.0,3.8,1624,92.1,92.0,False,39463.9,51,1303,1324,22,t1,1.0,1616.0,,,,False,,p0009,p0009,True,present
1,True,100.0,100.0,3.8,1624,92.1,92.0,False,39463.9,52,1325,1325,1,,,,,,,False,,,p0009,,stage_a_no_detection
1,True,100.0,100.0,3.8,1624,92.1,92.0,False,39463.9,53,1326,1354,29,t1,1.0,1616.0,,,,False,,p0009,p0009,True,present
1,True,100.0,100.0,3.8,1624,92.1,92.0,False,39463.9,54,1355,1355,1,,,,,,,False,,,p0009,,stage_a_no_detection
1,True,100.0,100.0,3.8,1624,92.1,92.0,False,39463.9,55,1356,1356,1,t1,1.0,1616.0,,,,False,,p0009,p0009,True,present
1,True,100.0,100.0,3.8,1624,92.1,92.0,False,39463.9,56,1357,1357,1,,,,,,,False,,,p0009,,stage_a_no_detection
1,True,100.0,100.0,3.8,1624,92.1,92.0,False,39463.9,57,1358,1366,9,t1,1.0,1616.0,,,,False,,p0009,p0009,True,present
1,True,100.0,100.0,3.8,1624,92.1,92.0,False,39463.9,58,1367,1388,22,,,,,,,False,,,p0009,,stage_a_no_detection
1,True,100.0,100.0,3.8,1624,92.1,92.0,False,39463.9,59,1389,1391,3,t1,1.0,1616.0,,,,False,,p0009,p0009,True,present
1,True,100.0,100.0,3.8,1624,92.1,92.0,False,39463.9,60,1392,1394,3,,,,,,,False,,,p0009,,stage_a_no_detection
1,True,100.0,100.0,3.8,1624,92.1,92.0,False,39463.9,61,1395,1395,1,t1,1.0,1616.0,,,,False,,p0009,p0009,True,present
1,True,100.0,100.0,3.8,1624,92.1,92.0,False,39463.9,62,1396,1412,17,,,,,,,False,,,p0009,,stage_a_no_detection
1,True,100.0,100.0,3.8,1624,92.1,92.0,False,39463.9,63,1413,1509,97,t1,1.0,1616.0,,,,False,,p0009,p0009,True,present
1,True,100.0,100.0,3.8,1624,92.1,92.0,False,39463.9,64,1510,1516,7,,,,,,,False,,,p0009,,stage_a_no_detection
1,True,100.0,100.0,3.8,1624,92.1,92.0,False,39463.9,65,1517,1527,11,t1,1.0,1616.0,,,,False,,p0009,p0009,True,present
1,True,100.0,100.0,3.8,1624,92.1,92.0,False,39463.9,66,1528,1529,2,,,,,,,False,,,p0009,,stage_a_no_detection
1,True,100.0,100.0,3.8,1624,92.1,92.0,False,39463.9,67,1530,1532,3,t1,1.0,1616.0,,,,False,,p0009,p0009,True,present
1,True,100.0,100.0,3.8,1624,92.1,92.0,False,39463.9,68,1533,1559,27,,,,,,,False,,,p0009,,stage_a_no_detection
1,True,100.0,100.0,3.8,1624,92.1,92.0,False,39463.9,69,1560,1619,60,t1,1.0,1616.0,,,,False,,p0009,p0009,True,present
1,True,100.0,100.0,3.8,1624,92.1,92.0,False,39463.9,70,1620,1630,11,,,,,,,False,,,p0009,,stage_a_no_detection
1,True,100.0,100.0,3.8,1624,92.1,92.0,False,39463.9,71,1631,1635,5,t1,1.0,1616.0,,,,False,,p0009,p0009,True,present
1,True,100.0,100.0,3.8,1624,92.1,92.0,False,39463.9,72,1636,1636,1,,,,,,,False,,,p0009,,stage_a_no_detection
1,True,100.0,100.0,3.8,1624,92.1,92.0,False,39463.9,73,1637,1643,7,t1,1.0,1616.0,,,,False,,p0009,p0009,True,present
1,True,100.0,100.0,3.8,1624,92.1,92.0,False,39463.9,74,1644,1645,2,,,,,,,False,,,p0009,,stage_a_no_detection
1,True,100.0,100.0,3.8,1624,92.1,92.0,False,39463.9,75,1646,1648,3,t1,1.0,1616.0,,,,False,,p0009,p0009,True,present
1,True,100.0,100.0,3.8,1624,92.1,92.0,False,39463.9,76,1649,1650,2,,,,,,,False,,,p0009,,stage_a_no_detection
1,True,100.0,100.0,3.8,1624,92.1,92.0,False,39463.9,77,1651,1652,2,t1,1.0,1616.0,,,,False,,p0009,p0009,True,present
1,True,100.0,100.0,3.8,1624,92.1,92.0,False,39463.9,78,1653,1656,4,,,,,,,False,,,p0009,,stage_a_no_detection
1,True,100.0,100.0,3.8,1624,92.1,92.0,False,39463.9,79,1657,1699,43,t1,1.0,1616.0,,,,False,,p0009,p0009,True,present
1,True,100.0,100.0,3.8,1624,92.1,92.0,False,39463.9,80,1700,1702,3,,,,,,,False,,,p0009,,stage_a_no_detection
1,True,100.0,100.0,3.8,1624,92.1,92.0,False,39463.9,81,1703,1707,5,t1,1.0,1616.0,,,,False,,p0009,p0009,True,present
1,True,100.0,100.0,3.8,1624,92.1,92.0,False,39463.9,82,1708,1708,1,,,,,,,False,,,p0009,,stage_a_no_detection
1,True,100.0,100.0,3.8,1624,92.1,92.0,False,39463.9,83,1709,1763,55,t1,1.0,1616.0,,,,False,,p0009,p0009,True,present
2,True,100.0,100.0,100.0,985,55.8,55.8,False,14240.3,0,0,118,120,t3,0.987,617.0,G:0-201:carrier=t3:d=none:n=t34,GROUP,2.0,True,,p0004,p0004,True,present
2,True,100.0,100.0,100.0,985,55.8,55.8,False,14240.3,1,119,119,1,,,,,,,False,,,p0004,,stage_a_no_detection
2,True,100.0,100.0,100.0,985,55.8,55.8,False,14240.3,2,120,183,64,t3,0.987,617.0,G:0-201:carrier=t3:d=none:n=t34,GROUP,2.0,True,,p0004,p0004,True,present
2,True,100.0,100.0,100.0,985,55.8,55.8,False,14240.3,3,184,197,14,,,,,,,False,,,p0004,,stage_a_no_detection
2,True,100.0,100.0,100.0,985,55.8,55.8,False,14240.3,4,198,201,4,t3,0.987,617.0,G:0-201:carrier=t3:d=none:n=t34,GROUP,2.0,True,,p0004,p0004,True,present
2,True,100.0,100.0,100.0,985,55.8,55.8,False,14240.3,5,202,207,6,t3,0.987,617.0,T:t3:s1:202-207,SOLO,1.0,False,,p0003,p0004,False,present_misattributed
2,True,100.0,100.0,100.0,985,55.8,55.8,False,14240.3,6,208,217,10,,,,,,,False,,,p0004,,stage_a_no_detection
2,True,100.0,100.0,100.0,985,55.8,55.8,False,14240.3,7,218,221,4,t3,0.987,617.0,G:208-253:carrier=t3:d=t34:n=t40,,,False,,p0004,p0004,True,present
2,True,100.0,100.0,100.0,985,55.8,55.8,False,14240.3,8,222,232,11,,,,,,,False,,,p0004,,stage_a_no_detection
2,True,100.0,100.0,100.0,985,55.8,55.8,False,14240.3,9,233,253,21,t3,0.987,617.0,G:208-253:carrier=t3:d=t34:n=t40,,,False,,p0004,p0004,True,present
2,True,100.0,100.0,100.0,985,55.8,55.8,False,14240.3,10,254,259,6,t40,1.0,6.0,T:t40,,,False,,p0004,p0004,True,present
2,True,100.0,100.0,100.0,985,55.8,55.8,False,14240.3,11,260,260,1,,,,,,,False,,,p0004,,stage_a_no_detection
2,True,100.0,100.0,100.0,985,55.8,55.8,False,14240.3,12,261,269,9,t3,0.987,617.0,T:t3:s3:254-269,,,False,,p0003,p0004,False,present_misattributed
2,True,100.0,100.0,100.0,985,55.8,55.8,False,14240.3,13,270,270,1,,,,,,,False,,,p0004,,stage_a_no_detection
2,True,100.0,100.0,100.0,985,55.8,55.8,False,14240.3,14,271,305,35,t3,0.987,617.0,G:270-358:carrier=t3:d=t41:n=t47,,,False,,p0003,p0004,False,present_misattributed
2,True,100.0,100.0,100.0,985,55.8,55.8,False,14240.3,15,306,307,2,,,,,,,False,,,p0004,,stage_a_no_detection
2,True,100.0,100.0,100.0,985,55.8,55.8,False,14240.3,16,308,311,4,t3,0.987,617.0,G:270-358:carrier=t3:d=t41:n=t47,,,False,,p0003,p0004,False,present_misattributed
2,True,100.0,100.0,100.0,985,55.8,55.8,False,14240.3,17,312,315,4,,,,,,,False,,,p0004,,stage_a_no_detection
2,True,100.0,100.0,100.0,985,55.8,55.8,False,14240.3,18,316,323,8,t3,0.987,617.0,G:270-358:carrier=t3:d=t41:n=t47,,,False,,p0003,p0004,False,present_misattributed
2,True,100.0,100.0,100.0,985,55.8,55.8,False,14240.3,19,324,324,1,,,,,,,False,,,p0004,,stage_a_no_detection
2,True,100.0,100.0,100.0,985,55.8,55.8,False,14240.3,20,325,330,6,t3,0.987,617.0,G:270-358:carrier=t3:d=t41:n=t47,,,False,,p0003,p0004,False,present_misattributed
2,True,100.0,100.0,100.0,985,55.8,55.8,False,14240.3,21,331,334,4,,,,,,,False,,,p0004,,stage_a_no_detection
2,True,100.0,100.0,100.0,985,55.8,55.8,False,14240.3,22,335,347,13,t3,0.987,617.0,G:270-358:carrier=t3:d=t41:n=t47,,,False,,p0003,p0004,False,present_misattributed
2,True,100.0,100.0,100.0,985,55.8,55.8,False,14240.3,23,348,348,1,,,,,,,False,,,p0004,,stage_a_no_detection
2,True,100.0,100.0,100.0,985,55.8,55.8,False,14240.3,24,349,352,4,t3,0.987,617.0,G:270-358:carrier=t3:d=t41:n=t47,,,False,,p0003,p0004,False,present_misattributed
2,True,100.0,100.0,100.0,985,55.8,55.8,False,14240.3,25,353,353,1,,,,,,,False,,,p0004,,stage_a_no_detection
2,True,100.0,100.0,100.0,985,55.8,55.8,False,14240.3,26,354,358,5,t3,0.987,617.0,G:270-358:carrier=t3:d=t41:n=t47,,,False,,p0003,p0004,False,present_misattributed
2,True,100.0,100.0,100.0,985,55.8,55.8,False,14240.3,27,359,377,19,t3,0.987,617.0,T:t3:s5:359-666,,,False,,p0003,p0004,False,present_misattributed
2,True,100.0,100.0,100.0,985,55.8,55.8,False,14240.3,28,378,378,1,t47,1.0,33.0,T:t47,,,False,,p0007,p0004,False,present_misattributed
2,True,100.0,100.0,100.0,985,55.8,55.8,False,14240.3,29,379,387,9,t3,0.987,617.0,T:t3:s5:359-666,,,False,,p0003,p0004,False,present_misattributed
2,True,100.0,100.0,100.0,985,55.8,55.8,False,14240.3,30,388,388,1,,,,,,,False,,,p0004,,stage_a_no_detection
2,True,100.0,100.0,100.0,985,55.8,55.8,False,14240.3,31,389,411,23,t3,0.987,617.0,T:t3:s5:359-666,,,False,,p0003,p0004,False,present_misattributed
2,True,100.0,100.0,100.0,985,55.8,55.8,False,14240.3,32,412,414,3,t47,1.0,33.0,T:t47,,,False,,p0007,p0004,False,present_misattributed
2,True,100.0,100.0,100.0,985,55.8,55.8,False,14240.3,33,415,417,3,t3,0.987,617.0,T:t3:s5:359-666,,,False,,p0003,p0004,False,present_misattributed
2,True,100.0,100.0,100.0,985,55.8,55.8,False,14240.3,34,418,418,1,t47,1.0,33.0,T:t47,,,False,,p0007,p0004,False,present_misattributed
2,True,100.0,100.0,100.0,985,55.8,55.8,False,14240.3,35,419,444,26,t3,0.987,617.0,T:t3:s5:359-666,,,False,,p0003,p0004,False,present_misattributed
2,True,100.0,100.0,100.0,985,55.8,55.8,False,14240.3,36,445,455,11,t47,1.0,33.0,T:t47,,,False,,p0007,p0004,False,present_misattributed
2,True,100.0,100.0,100.0,985,55.8,55.8,False,14240.3,37,456,464,9,t3,0.987,617.0,T:t3:s5:359-666,,,False,,p0003,p0004,False,present_misattributed
2,True,100.0,100.0,100.0,985,55.8,55.8,False,14240.3,38,465,465,1,t47,1.0,33.0,T:t47,,,False,,p0007,p0004,False,present_misattributed
2,True,100.0,100.0,100.0,985,55.8,55.8,False,14240.3,39,466,469,4,t3,0.987,617.0,T:t3:s5:359-666,,,False,,p0003,p0004,False,present_misattributed
2,True,100.0,100.0,100.0,985,55.8,55.8,False,14240.3,40,470,471,2,t47,1.0,33.0,T:t47,,,False,,p0007,p0004,False,present_misattributed
2,True,100.0,100.0,100.0,985,55.8,55.8,False,14240.3,41,472,480,9,t3,0.987,617.0,T:t3:s5:359-666,,,False,,p0003,p0004,False,present_misattributed
2,True,100.0,100.0,100.0,985,55.8,55.8,False,14240.3,42,481,481,1,t47,1.0,33.0,T:t47,,,False,,p0007,p0004,False,present_misattributed
2,True,100.0,100.0,100.0,985,55.8,55.8,False,14240.3,43,482,483,2,t3,0.987,617.0,T:t3:s5:359-666,,,False,,p0003,p0004,False,present_misattributed
2,True,100.0,100.0,100.0,985,55.8,55.8,False,14240.3,44,484,486,3,t47,1.0,33.0,T:t47,,,False,,p0007,p0004,False,present_misattributed
2,True,100.0,100.0,100.0,985,55.8,55.8,False,14240.3,45,487,487,1,t3,0.987,617.0,T:t3:s5:359-666,,,False,,p0003,p0004,False,present_misattributed
2,True,100.0,100.0,100.0,985,55.8,55.8,False,14240.3,46,488,488,1,t47,1.0,33.0,T:t47,,,False,,p0007,p0004,False,present_misattributed
2,True,100.0,100.0,100.0,985,55.8,55.8,False,14240.3,47,489,490,2,t3,0.987,617.0,T:t3:s5:359-666,,,False,,p0003,p0004,False,present_misattributed
2,True,100.0,100.0,100.0,985,55.8,55.8,False,14240.3,48,491,491,1,t47,1.0,33.0,T:t47,,,False,,p0007,p0004,False,present_misattributed
2,True,100.0,100.0,100.0,985,55.8,55.8,False,14240.3,49,492,505,14,t3,0.987,617.0,T:t3:s5:359-666,,,False,,p0003,p0004,False,present_misattributed
2,True,100.0,100.0,100.0,985,55.8,55.8,False,14240.3,50,506,507,2,t47,1.0,33.0,T:t47,,,False,,p0007,p0004,False,present_misattributed
2,True,100.0,100.0,100.0,985,55.8,55.8,False,14240.3,51,508,523,16,t3,0.987,617.0,T:t3:s5:359-666,,,False,,p0003,p0004,False,present_misattributed
2,True,100.0,100.0,100.0,985,55.8,55.8,False,14240.3,52,524,524,1,t47,1.0,33.0,T:t47,,,False,,p0007,p0004,False,present_misattributed
2,True,100.0,100.0,100.0,985,55.8,55.8,False,14240.3,53,525,528,4,t3,0.987,617.0,T:t3:s5:359-666,,,False,,p0003,p0004,False,present_misattributed
2,True,100.0,100.0,100.0,985,55.8,55.8,False,14240.3,54,529,529,1,t47,1.0,33.0,T:t47,,,False,,p0007,p0004,False,present_misattributed
2,True,100.0,100.0,100.0,985,55.8,55.8,False,14240.3,55,530,536,7,t3,0.987,617.0,T:t3:s5:359-666,,,False,,p0003,p0004,False,present_misattributed
2,True,100.0,100.0,100.0,985,55.8,55.8,False,14240.3,56,537,537,1,t47,1.0,33.0,T:t47,,,False,,p0007,p0004,False,present_misattributed
2,True,100.0,100.0,100.0,985,55.8,55.8,False,14240.3,57,538,571,34,t3,0.987,617.0,T:t3:s5:359-666,,,False,,p0003,p0004,False,present_misattributed
2,True,100.0,100.0,100.0,985,55.8,55.8,False,14240.3,58,572,572,1,t47,1.0,33.0,T:t47,,,False,,p0007,p0004,False,present_misattributed
2,True,100.0,100.0,100.0,985,55.8,55.8,False,14240.3,59,573,643,71,t3,0.987,617.0,T:t3:s5:359-666,,,False,,p0003,p0004,False,present_misattributed
2,True,100.0,100.0,100.0,985,55.8,55.8,False,14240.3,60,644,644,1,t47,1.0,33.0,T:t47,,,False,,p0007,p0004,False,present_misattributed
2,True,100.0,100.0,100.0,985,55.8,55.8,False,14240.3,61,645,645,1,t3,0.987,617.0,T:t3:s5:359-666,,,False,,p0003,p0004,False,present_misattributed
2,True,100.0,100.0,100.0,985,55.8,55.8,False,14240.3,62,646,646,1,t47,1.0,33.0,T:t47,,,False,,p0007,p0004,False,present_misattributed
2,True,100.0,100.0,100.0,985,55.8,55.8,False,14240.3,63,647,653,7,t3,0.987,617.0,T:t3:s5:359-666,,,False,,p0003,p0004,False,present_misattributed
2,True,100.0,100.0,100.0,985,55.8,55.8,False,14240.3,64,654,655,2,,,,,,,False,,,p0004,,stage_a_no_detection
2,True,100.0,100.0,100.0,985,55.8,55.8,False,14240.3,65,656,666,11,t3,0.987,617.0,T:t3:s5:359-666,,,False,,p0003,p0004,False,present_misattributed
2,True,100.0,100.0,100.0,985,55.8,55.8,False,14240.3,66,667,689,23,t3,0.987,617.0,G:667-702:carrier=t3:d=t82:n=none,GROUP,2.0,True,,p0003,p0004,False,present_misattributed
2,True,100.0,100.0,100.0,985,55.8,55.8,False,14240.3,67,690,690,1,,,,,,,False,,,p0004,,stage_a_no_detection
2,True,100.0,100.0,100.0,985,55.8,55.8,False,14240.3,68,691,697,7,t3,0.987,617.0,G:667-702:carrier=t3:d=t82:n=none,GROUP,2.0,True,,p0003,p0004,False,present_misattributed
2,True,100.0,100.0,100.0,985,55.8,55.8,False,14240.3,69,698,698,1,,,,,,,False,,,p0004,,stage_a_no_detection
2,True,100.0,100.0,100.0,985,55.8,55.8,False,14240.3,70,699,702,4,t3,0.987,617.0,G:667-702:carrier=t3:d=t82:n=none,GROUP,2.0,True,,p0003,p0004,False,present_misattributed
2,True,100.0,100.0,100.0,985,55.8,55.8,False,14240.3,71,703,745,43,,,,,,,False,,,p0004,,stage_a_no_detection
2,True,100.0,100.0,100.0,985,55.8,55.8,False,14240.3,72,746,746,1,t67,0.0129,155.0,,,,False,,p0004,p0004,True,present
2,True,100.0,100.0,100.0,985,55.8,55.8,False,14240.3,73,747,747,1,,,,,,,False,,,p0004,,stage_a_no_detection
2,True,100.0,100.0,100.0,985,55.8,55.8,False,14240.3,74,748,748,1,t67,0.0129,155.0,,,,False,,p0004,p0004,True,present
2,True,100.0,100.0,100.0,985,55.8,55.8,False,14240.3,75,749,749,1,t90,0.874,127.0,T:t90:s0:749-749,SOLO,1.0,False,,p0005,p0004,False,present_misattributed
2,True,100.0,100.0,100.0,985,55.8,55.8,False,14240.3,76,750,751,2,,,,,,,False,,,p0004,,stage_a_no_detection
2,True,100.0,100.0,100.0,985,55.8,55.8,False,14240.3,77,752,786,35,t90,0.874,127.0,G:750-820:carrier=t90:d=t67_s2:n=t94,GROUP,2.0,True,,p0004,p0004,True,present
2,True,100.0,100.0,100.0,985,55.8,55.8,False,14240.3,78,787,787,1,,,,,,,False,,,p0004,,stage_a_no_detection
2,True,100.0,100.0,100.0,985,55.8,55.8,False,14240.3,79,788,788,1,t90,0.874,127.0,G:750-820:carrier=t90:d=t67_s2:n=t94,GROUP,2.0,True,,p0004,p0004,True,present
2,True,100.0,100.0,100.0,985,55.8,55.8,False,14240.3,80,789,790,2,,,,,,,False,,,p0004,,stage_a_no_detection
2,True,100.0,100.0,100.0,985,55.8,55.8,False,14240.3,81,791,794,4,t90,0.874,127.0,G:750-820:carrier=t90:d=t67_s2:n=t94,GROUP,2.0,True,,p0004,p0004,True,present
2,True,100.0,100.0,100.0,985,55.8,55.8,False,14240.3,82,795,796,2,,,,,,,False,,,p0004,,stage_a_no_detection
2,True,100.0,100.0,100.0,985,55.8,55.8,False,14240.3,83,797,800,4,t90,0.874,127.0,G:750-820:carrier=t90:d=t67_s2:n=t94,GROUP,2.0,True,,p0004,p0004,True,present
2,True,100.0,100.0,100.0,985,55.8,55.8,False,14240.3,84,801,805,5,,,,,,,False,,,p0004,,stage_a_no_detection
2,True,100.0,100.0,100.0,985,55.8,55.8,False,14240.3,85,806,808,3,t90,0.874,127.0,G:750-820:carrier=t90:d=t67_s2:n=t94,GROUP,2.0,True,,p0004,p0004,True,present
2,True,100.0,100.0,100.0,985,55.8,55.8,False,14240.3,86,809,809,1,,,,,,,False,,,p0004,,stage_a_no_detection
2,True,100.0,100.0,100.0,985,55.8,55.8,False,14240.3,87,810,812,3,t90,0.874,127.0,G:750-820:carrier=t90:d=t67_s2:n=t94,GROUP,2.0,True,,p0004,p0004,True,present
2,True,100.0,100.0,100.0,985,55.8,55.8,False,14240.3,88,813,813,1,,,,,,,False,,,p0004,,stage_a_no_detection
2,True,100.0,100.0,100.0,985,55.8,55.8,False,14240.3,89,814,816,3,t90,0.874,127.0,G:750-820:carrier=t90:d=t67_s2:n=t94,GROUP,2.0,True,,p0004,p0004,True,present
2,True,100.0,100.0,100.0,985,55.8,55.8,False,14240.3,90,817,817,1,,,,,,,False,,,p0004,,stage_a_no_detection
2,True,100.0,100.0,100.0,985,55.8,55.8,False,14240.3,91,818,818,1,t90,0.874,127.0,G:750-820:carrier=t90:d=t67_s2:n=t94,GROUP,2.0,True,,p0004,p0004,True,present
2,True,100.0,100.0,100.0,985,55.8,55.8,False,14240.3,92,819,820,2,,,,,,,False,,,p0004,,stage_a_no_detection
2,True,100.0,100.0,100.0,985,55.8,55.8,False,14240.3,93,821,822,2,t90,0.874,127.0,T:t90:s2:821-822,SOLO,1.0,False,,p0004,p0004,True,present
2,True,100.0,100.0,100.0,985,55.8,55.8,False,14240.3,94,823,823,1,,,,,,,False,,,p0004,,stage_a_no_detection
2,True,100.0,100.0,100.0,985,55.8,55.8,False,14240.3,95,824,829,6,t90,0.874,127.0,G:823-921:carrier=t90:d=t94:n=none,GROUP,2.0,True,,p0004,p0004,True,present
2,True,100.0,100.0,100.0,985,55.8,55.8,False,14240.3,96,830,830,1,,,,,,,False,,,p0004,,stage_a_no_detection
2,True,100.0,100.0,100.0,985,55.8,55.8,False,14240.3,97,831,835,5,t4,0.0865,1249.0,,,,False,,p0011,p0004,False,present_misattributed
2,True,100.0,100.0,100.0,985,55.8,55.8,False,14240.3,98,836,836,1,,,,,,,False,,,p0004,,stage_a_no_detection
2,True,100.0,100.0,100.0,985,55.8,55.8,False,14240.3,99,837,838,2,t90,0.874,127.0,G:823-921:carrier=t90:d=t94:n=none,GROUP,2.0,True,,p0004,p0004,True,present
2,True,100.0,100.0,100.0,985,55.8,55.8,False,14240.3,100,839,839,1,,,,,,,False,,,p0004,,stage_a_no_detection
2,True,100.0,100.0,100.0,985,55.8,55.8,False,14240.3,101,840,841,2,t90,0.874,127.0,G:823-921:carrier=t90:d=t94:n=none,GROUP,2.0,True,,p0004,p0004,True,present
2,True,100.0,100.0,100.0,985,55.8,55.8,False,14240.3,102,842,842,1,,,,,,,False,,,p0004,,stage_a_no_detection
2,True,100.0,100.0,100.0,985,55.8,55.8,False,14240.3,103,843,845,3,t90,0.874,127.0,G:823-921:carrier=t90:d=t94:n=none,GROUP,2.0,True,,p0004,p0004,True,present
2,True,100.0,100.0,100.0,985,55.8,55.8,False,14240.3,104,846,846,1,,,,,,,False,,,p0004,,stage_a_no_detection
2,True,100.0,100.0,100.0,985,55.8,55.8,False,14240.3,105,847,864,18,t90,0.874,127.0,G:823-921:carrier=t90:d=t94:n=none,GROUP,2.0,True,,p0004,p0004,True,present
2,True,100.0,100.0,100.0,985,55.8,55.8,False,14240.3,106,865,868,4,,,,,,,False,,,p0004,,stage_a_no_detection
2,True,100.0,100.0,100.0,985,55.8,55.8,False,14240.3,107,869,870,2,t90,0.874,127.0,G:823-921:carrier=t90:d=t94:n=none,GROUP,2.0,True,,p0004,p0004,True,present
2,True,100.0,100.0,100.0,985,55.8,55.8,False,14240.3,108,871,873,3,,,,,,,False,,,p0004,,stage_a_no_detection
2,True,100.0,100.0,100.0,985,55.8,55.8,False,14240.3,109,874,880,7,t90,0.874,127.0,G:823-921:carrier=t90:d=t94:n=none,GROUP,2.0,True,,p0004,p0004,True,present
2,True,100.0,100.0,100.0,985,55.8,55.8,False,14240.3,110,881,881,1,,,,,,,False,,,p0004,,stage_a_no_detection
2,True,100.0,100.0,100.0,985,55.8,55.8,False,14240.3,111,882,883,2,t90,0.874,127.0,G:823-921:carrier=t90:d=t94:n=none,GROUP,2.0,True,,p0004,p0004,True,present
2,True,100.0,100.0,100.0,985,55.8,55.8,False,14240.3,112,884,887,4,,,,,,,False,,,p0004,,stage_a_no_detection
2,True,100.0,100.0,100.0,985,55.8,55.8,False,14240.3,113,888,891,4,t90,0.874,127.0,G:823-921:carrier=t90:d=t94:n=none,GROUP,2.0,True,,p0004,p0004,True,present
2,True,100.0,100.0,100.0,985,55.8,55.8,False,14240.3,114,892,892,1,,,,,,,False,,,p0004,,stage_a_no_detection
2,True,100.0,100.0,100.0,985,55.8,55.8,False,14240.3,115,893,893,1,t90,0.874,127.0,G:823-921:carrier=t90:d=t94:n=none,GROUP,2.0,True,,p0004,p0004,True,present
2,True,100.0,100.0,100.0,985,55.8,55.8,False,14240.3,116,894,894,1,,,,,,,False,,,p0004,,stage_a_no_detection
2,True,100.0,100.0,100.0,985,55.8,55.8,False,14240.3,117,895,895,1,t90,0.874,127.0,G:823-921:carrier=t90:d=t94:n=none,GROUP,2.0,True,,p0004,p0004,True,present
2,True,100.0,100.0,100.0,985,55.8,55.8,False,14240.3,118,896,896,1,t4,0.0865,1249.0,,,,False,,p0011,p0004,False,present_misattributed
2,True,100.0,100.0,100.0,985,55.8,55.8,False,14240.3,119,897,899,3,t90,0.874,127.0,G:823-921:carrier=t90:d=t94:n=none,GROUP,2.0,True,,p0004,p0004,True,present
2,True,100.0,100.0,100.0,985,55.8,55.8,False,14240.3,120,900,900,1,,,,,,,False,,,p0004,,stage_a_no_detection
2,True,100.0,100.0,100.0,985,55.8,55.8,False,14240.3,121,901,901,1,t4,0.0865,1249.0,,,,False,,p0011,p0004,False,present_misattributed
2,True,100.0,100.0,100.0,985,55.8,55.8,False,14240.3,122,902,904,3,,,,,,,False,,,p0004,,stage_a_no_detection
2,True,100.0,100.0,100.0,985,55.8,55.8,False,14240.3,123,905,906,2,t90,0.874,127.0,G:823-921:carrier=t90:d=t94:n=none,GROUP,2.0,True,,p0004,p0004,True,present
2,True,100.0,100.0,100.0,985,55.8,55.8,False,14240.3,124,907,910,4,,,,,,,False,,,p0004,,stage_a_no_detection
2,True,100.0,100.0,100.0,985,55.8,55.8,False,14240.3,125,911,911,1,t90,0.874,127.0,G:823-921:carrier=t90:d=t94:n=none,GROUP,2.0,True,,p0004,p0004,True,present
2,True,100.0,100.0,100.0,985,55.8,55.8,False,14240.3,126,912,938,27,,,,,,,False,,,p0004,,stage_a_no_detection
2,True,100.0,100.0,100.0,985,55.8,55.8,False,14240.3,127,939,940,2,t4,0.0865,1249.0,,,,False,,p0004,p0004,True,present
2,True,100.0,100.0,100.0,985,55.8,55.8,False,14240.3,128,941,942,2,,,,,,,False,,,p0004,,stage_a_no_detection
2,True,100.0,100.0,100.0,985,55.8,55.8,False,14240.3,129,943,951,9,t4,0.0865,1249.0,,,,False,,p0004,p0004,True,present
2,True,100.0,100.0,100.0,985,55.8,55.8,False,14240.3,130,952,956,5,,,,,,,False,,,p0004,,stage_a_no_detection
2,True,100.0,100.0,100.0,985,55.8,55.8,False,14240.3,131,957,979,23,t4,0.0865,1249.0,,,,False,,p0004,p0004,True,present
2,True,100.0,100.0,100.0,985,55.8,55.8,False,14240.3,132,980,992,13,,,,,,,False,,,p0004,,stage_a_no_detection
2,True,100.0,100.0,100.0,985,55.8,55.8,False,14240.3,133,993,993,1,t4,0.0865,1249.0,,,,False,,p0004,p0004,True,present
2,True,100.0,100.0,100.0,985,55.8,55.8,False,14240.3,134,994,1086,93,,,,,,,False,,,p0004,,stage_a_no_detection
2,True,100.0,100.0,100.0,985,55.8,55.8,False,14240.3,135,1087,1087,1,t106,0.0159,126.0,,,,False,,p0012,p0004,False,present_misattributed
2,True,100.0,100.0,100.0,985,55.8,55.8,False,14240.3,136,1088,1093,6,,,,,,,False,,,p0004,,stage_a_no_detection
2,True,100.0,100.0,100.0,985,55.8,55.8,False,14240.3,137,1094,1094,1,t106,0.0159,126.0,,,,False,,p0012,p0004,False,present_misattributed
2,True,100.0,100.0,100.0,985,55.8,55.8,False,14240.3,138,1095,1098,4,,,,,,,False,,,p0004,,stage_a_no_detection
2,True,100.0,100.0,100.0,985,55.8,55.8,False,14240.3,139,1099,1099,1,t4,0.0865,1249.0,,,,False,,p0004,p0004,True,present
2,True,100.0,100.0,100.0,985,55.8,55.8,False,14240.3,140,1100,1107,8,,,,,,,False,,,p0004,,stage_a_no_detection
2,True,100.0,100.0,100.0,985,55.8,55.8,False,14240.3,141,1108,1109,2,t4,0.0865,1249.0,,,,False,,p0004,p0004,True,present
2,True,100.0,100.0,100.0,985,55.8,55.8,False,14240.3,142,1110,1174,65,,,,,,,False,,,p0004,,stage_a_no_detection
2,True,100.0,100.0,100.0,985,55.8,55.8,False,14240.3,143,1175,1175,1,t124,1.0,2.0,T:t124,SOLO,1.0,False,,p0012,p0004,False,present_misattributed
2,True,100.0,100.0,100.0,985,55.8,55.8,False,14240.3,144,1176,1181,6,,,,,,,False,,,p0004,,stage_a_no_detection
2,True,100.0,100.0,100.0,985,55.8,55.8,False,14240.3,145,1182,1182,1,t124,1.0,2.0,T:t124,SOLO,1.0,False,,p0012,p0004,False,present_misattributed
2,True,100.0,100.0,100.0,985,55.8,55.8,False,14240.3,146,1183,1198,16,,,,,,,False,,,p0004,,stage_a_no_detection
2,True,100.0,100.0,100.0,985,55.8,55.8,False,14240.3,147,1199,1199,1,t120,0.0667,60.0,T:t120,,,False,,p0011,p0004,False,present_misattributed
2,True,100.0,100.0,100.0,985,55.8,55.8,False,14240.3,148,1200,1204,5,,,,,,,False,,,p0004,,stage_a_no_detection
2,True,100.0,100.0,100.0,985,55.8,55.8,False,14240.3,149,1205,1205,1,t120,0.0667,60.0,T:t120,,,False,,p0011,p0004,False,present_misattributed
2,True,100.0,100.0,100.0,985,55.8,55.8,False,14240.3,150,1206,1207,2,,,,,,,False,,,p0004,,stage_a_no_detection
2,True,100.0,100.0,100.0,985,55.8,55.8,False,14240.3,151,1208,1209,2,t120,0.0667,60.0,T:t120,,,False,,p0011,p0004,False,present_misattributed
2,True,100.0,100.0,100.0,985,55.8,55.8,False,14240.3,152,1210,1212,3,t126,0.4706,17.0,T:t126,SOLO,1.0,False,,p0012,p0004,False,present_misattributed
2,True,100.0,100.0,100.0,985,55.8,55.8,False,14240.3,153,1213,1219,7,,,,,,,False,,,p0004,,stage_a_no_detection
2,True,100.0,100.0,100.0,985,55.8,55.8,False,14240.3,154,1220,1220,1,t126,0.4706,17.0,T:t126,SOLO,1.0,False,,p0012,p0004,False,present_misattributed
2,True,100.0,100.0,100.0,985,55.8,55.8,False,14240.3,155,1221,1222,2,,,,,,,False,,,p0004,,stage_a_no_detection
2,True,100.0,100.0,100.0,985,55.8,55.8,False,14240.3,156,1223,1226,4,t126,0.4706,17.0,T:t126,SOLO,1.0,False,,p0012,p0004,False,present_misattributed
2,True,100.0,100.0,100.0,985,55.8,55.8,False,14240.3,157,1227,1227,1,,,,,,,False,,,p0004,,stage_a_no_detection
2,True,100.0,100.0,100.0,985,55.8,55.8,False,14240.3,158,1228,1229,2,t4,0.0865,1249.0,,,,False,,p0004,p0004,True,present
2,True,100.0,100.0,100.0,985,55.8,55.8,False,14240.3,159,1230,1255,26,,,,,,,False,,,p0004,,stage_a_no_detection
2,True,100.0,100.0,100.0,985,55.8,55.8,False,14240.3,160,1256,1258,3,t4,0.0865,1249.0,,,,False,,p0004,p0004,True,present
2,True,100.0,100.0,100.0,985,55.8,55.8,False,14240.3,161,1259,1260,2,,,,,,,False,,,p0004,,stage_a_no_detection
2,True,100.0,100.0,100.0,985,55.8,55.8,False,14240.3,162,1261,1261,1,t4,0.0865,1249.0,,,,False,,p0004,p0004,True,present
2,True,100.0,100.0,100.0,985,55.8,55.8,False,14240.3,163,1262,1262,1,,,,,,,False,,,p0004,,stage_a_no_detection
2,True,100.0,100.0,100.0,985,55.8,55.8,False,14240.3,164,1263,1276,14,t4,0.0865,1249.0,,,,False,,p0004,p0004,True,present
2,True,100.0,100.0,100.0,985,55.8,55.8,False,14240.3,165,1277,1304,28,,,,,,,False,,,p0004,,stage_a_no_detection
2,True,100.0,100.0,100.0,985,55.8,55.8,False,14240.3,166,1305,1312,8,t4,0.0865,1249.0,,,,False,,p0004,p0004,True,present
2,True,100.0,100.0,100.0,985,55.8,55.8,False,14240.3,167,1313,1313,1,t141,1.0,1.0,T:t141,SOLO,1.0,False,,p0012,p0004,False,present_misattributed
2,True,100.0,100.0,100.0,985,55.8,55.8,False,14240.3,168,1314,1348,35,t4,0.0865,1249.0,,,,False,,p0004,p0004,True,present
2,True,100.0,100.0,100.0,985,55.8,55.8,False,14240.3,169,1349,1351,3,,,,,,,False,,,p0004,,stage_a_no_detection
2,True,100.0,100.0,100.0,985,55.8,55.8,False,14240.3,170,1352,1355,4,t147,0.2201,368.0,T:t147:s0:1352-1355,SOLO,1.0,False,,p0012,p0004,False,present_misattributed
2,True,100.0,100.0,100.0,985,55.8,55.8,False,14240.3,171,1356,1380,25,,,,,,,False,,,p0004,,stage_a_no_detection
2,True,100.0,100.0,100.0,985,55.8,55.8,False,14240.3,172,1381,1382,2,t152,0.5,4.0,T:t152,SOLO,1.0,False,,p0012,p0004,False,present_misattributed
2,True,100.0,100.0,100.0,985,55.8,55.8,False,14240.3,173,1383,1549,167,,,,,,,False,,,p0004,,stage_a_no_detection
2,True,100.0,100.0,100.0,985,55.8,55.8,False,14240.3,174,1550,1550,1,t147,0.2201,368.0,G:1386-1558:carrier=t147:d=t152:n=t158,,,False,,p0004,p0004,True,present
2,True,100.0,100.0,100.0,985,55.8,55.8,False,14240.3,175,1551,1648,98,,,,,,,False,,,p0004,,stage_a_no_detection
2,True,100.0,100.0,100.0,985,55.8,55.8,False,14240.3,176,1649,1649,1,t147,0.2201,368.0,G:1561-1649:carrier=t147:d=t158:n=t163,,,False,,p0004,p0004,True,present
2,True,100.0,100.0,100.0,985,55.8,55.8,False,14240.3,177,1650,1683,34,t147,0.2201,368.0,T:t147:s6:1650-1754,,,False,,p0004,p0004,True,present
2,True,100.0,100.0,100.0,985,55.8,55.8,False,14240.3,178,1684,1692,9,t163,0.25,56.0,T:t163,,,False,,p0012,p0004,False,present_misattributed
2,True,100.0,100.0,100.0,985,55.8,55.8,False,14240.3,179,1693,1693,1,t147,0.2201,368.0,T:t147:s6:1650-1754,,,False,,p0004,p0004,True,present
2,True,100.0,100.0,100.0,985,55.8,55.8,False,14240.3,180,1694,1694,1,,,,,,,False,,,p0004,,stage_a_no_detection
2,True,100.0,100.0,100.0,985,55.8,55.8,False,14240.3,181,1695,1701,7,t147,0.2201,368.0,T:t147:s6:1650-1754,,,False,,p0004,p0004,True,present
2,True,100.0,100.0,100.0,985,55.8,55.8,False,14240.3,182,1702,1704,3,t163,0.25,56.0,T:t163,,,False,,p0012,p0004,False,present_misattributed
2,True,100.0,100.0,100.0,985,55.8,55.8,False,14240.3,183,1705,1716,12,,,,,,,False,,,p0004,,stage_a_no_detection
2,True,100.0,100.0,100.0,985,55.8,55.8,False,14240.3,184,1717,1718,2,t163,0.25,56.0,T:t163,,,False,,p0012,p0004,False,present_misattributed
2,True,100.0,100.0,100.0,985,55.8,55.8,False,14240.3,185,1719,1720,2,t147,0.2201,368.0,T:t147:s6:1650-1754,,,False,,p0004,p0004,True,present
2,True,100.0,100.0,100.0,985,55.8,55.8,False,14240.3,186,1721,1721,1,,,,,,,False,,,p0004,,stage_a_no_detection
2,True,100.0,100.0,100.0,985,55.8,55.8,False,14240.3,187,1722,1723,2,t166,0.0833,24.0,T:t166,,,False,,p0017,p0004,False,present_misattributed
2,True,100.0,100.0,100.0,985,55.8,55.8,False,14240.3,188,1724,1724,1,t147,0.2201,368.0,T:t147:s6:1650-1754,,,False,,p0004,p0004,True,present
2,True,100.0,100.0,100.0,985,55.8,55.8,False,14240.3,189,1725,1725,1,,,,,,,False,,,p0004,,stage_a_no_detection
2,True,100.0,100.0,100.0,985,55.8,55.8,False,14240.3,190,1726,1727,2,t147,0.2201,368.0,T:t147:s6:1650-1754,,,False,,p0004,p0004,True,present
2,True,100.0,100.0,100.0,985,55.8,55.8,False,14240.3,191,1728,1731,4,,,,,,,False,,,p0004,,stage_a_no_detection
2,True,100.0,100.0,100.0,985,55.8,55.8,False,14240.3,192,1732,1738,7,t147,0.2201,368.0,T:t147:s6:1650-1754,,,False,,p0004,p0004,True,present
2,True,100.0,100.0,100.0,985,55.8,55.8,False,14240.3,193,1739,1742,4,,,,,,,False,,,p0004,,stage_a_no_detection
2,True,100.0,100.0,100.0,985,55.8,55.8,False,14240.3,194,1743,1754,12,t147,0.2201,368.0,T:t147:s6:1650-1754,,,False,,p0004,p0004,True,present
2,True,100.0,100.0,100.0,985,55.8,55.8,False,14240.3,195,1755,1763,9,t147,0.2201,368.0,,,,False,,p0004,p0004,True,present
3,True,100.0,100.0,80.1,1178,66.8,66.7,False,13446.6,0,0,34,36,,,,,,,False,,,p0012,,stage_a_no_detection
3,True,100.0,100.0,80.1,1178,66.8,66.7,False,13446.6,1,35,37,3,t10,1.0,91.0,T:t10:s0:35-103,SOLO,1.0,False,,p0011,p0012,False,present_misattributed
3,True,100.0,100.0,80.1,1178,66.8,66.7,False,13446.6,2,38,40,3,,,,,,,False,,,p0012,,stage_a_no_detection
3,True,100.0,100.0,80.1,1178,66.8,66.7,False,13446.6,3,41,103,63,t10,1.0,91.0,T:t10:s0:35-103,SOLO,1.0,False,,p0011,p0012,False,present_misattributed
3,True,100.0,100.0,80.1,1178,66.8,66.7,False,13446.6,4,104,109,6,t10,1.0,91.0,G:104-136:carrier=t10:d=t16:n=none,GROUP,2.0,True,,p0006,p0012,False,present_misattributed
3,True,100.0,100.0,80.1,1178,66.8,66.7,False,13446.6,5,110,117,8,,,,,,,False,,,p0012,,stage_a_no_detection
3,True,100.0,100.0,80.1,1178,66.8,66.7,False,13446.6,6,118,136,19,t10,1.0,91.0,G:104-136:carrier=t10:d=t16:n=none,GROUP,2.0,True,,p0006,p0012,False,present_misattributed
3,True,100.0,100.0,80.1,1178,66.8,66.7,False,13446.6,7,137,180,44,,,,,,,False,,,p0012,,stage_a_no_detection
3,True,100.0,100.0,80.1,1178,66.8,66.7,False,13446.6,8,181,221,41,t30,1.0,129.0,T:t30,SOLO,1.0,False,,p0008,p0012,False,present_misattributed
3,True,100.0,100.0,80.1,1178,66.8,66.7,False,13446.6,9,222,223,2,,,,,,,False,,,p0012,,stage_a_no_detection
3,True,100.0,100.0,80.1,1178,66.8,66.7,False,13446.6,10,224,239,16,t30,1.0,129.0,T:t30,SOLO,1.0,False,,p0008,p0012,False,present_misattributed
3,True,100.0,100.0,80.1,1178,66.8,66.7,False,13446.6,11,240,267,28,,,,,,,False,,,p0012,,stage_a_no_detection
3,True,100.0,100.0,80.1,1178,66.8,66.7,False,13446.6,12,268,311,44,t30,1.0,129.0,T:t30,SOLO,1.0,False,,p0008,p0012,False,present_misattributed
3,True,100.0,100.0,80.1,1178,66.8,66.7,False,13446.6,13,312,313,2,,,,,,,False,,,p0012,,stage_a_no_detection
3,True,100.0,100.0,80.1,1178,66.8,66.7,False,13446.6,14,314,314,1,t30,1.0,129.0,T:t30,SOLO,1.0,False,,p0008,p0012,False,present_misattributed
3,True,100.0,100.0,80.1,1178,66.8,66.7,False,13446.6,15,315,316,2,,,,,,,False,,,p0012,,stage_a_no_detection
3,True,100.0,100.0,80.1,1178,66.8,66.7,False,13446.6,16,317,319,3,t30,1.0,129.0,T:t30,SOLO,1.0,False,,p0008,p0012,False,present_misattributed
3,True,100.0,100.0,80.1,1178,66.8,66.7,False,13446.6,17,320,320,1,,,,,,,False,,,p0012,,stage_a_no_detection
3,True,100.0,100.0,80.1,1178,66.8,66.7,False,13446.6,18,321,344,24,t30,1.0,129.0,T:t30,SOLO,1.0,False,,p0008,p0012,False,present_misattributed
3,True,100.0,100.0,80.1,1178,66.8,66.7,False,13446.6,19,345,390,46,,,,,,,False,,,p0012,,stage_a_no_detection
3,True,100.0,100.0,80.1,1178,66.8,66.7,False,13446.6,20,391,392,2,t52,1.0,5.0,T:t52,SOLO,1.0,False,,p0004,p0012,False,present_misattributed
3,True,100.0,100.0,80.1,1178,66.8,66.7,False,13446.6,21,393,409,17,,,,,,,False,,,p0012,,stage_a_no_detection
3,True,100.0,100.0,80.1,1178,66.8,66.7,False,13446.6,22,410,412,3,t52,1.0,5.0,T:t52,SOLO,1.0,False,,p0004,p0012,False,present_misattributed
3,True,100.0,100.0,80.1,1178,66.8,66.7,False,13446.6,23,413,509,97,,,,,,,False,,,p0012,,stage_a_no_detection
3,True,100.0,100.0,80.1,1178,66.8,66.7,False,13446.6,24,510,517,8,t67,0.9871,155.0,T:t67:s0:510-522,,,False,,p0010,p0012,False,present_misattributed
3,True,100.0,100.0,80.1,1178,66.8,66.7,False,13446.6,25,518,522,5,t68,1.0,5.0,T:t68,,,False,,p0004,p0012,False,present_misattributed
3,True,100.0,100.0,80.1,1178,66.8,66.7,False,13446.6,26,523,523,1,,,,,,,False,,,p0012,,stage_a_no_detection
3,True,100.0,100.0,80.1,1178,66.8,66.7,False,13446.6,27,524,527,4,t67,0.9871,155.0,G:523-623:carrier=t67:d=t68:n=t79,,,False,,p0004,p0012,False,present_misattributed
3,True,100.0,100.0,80.1,1178,66.8,66.7,False,13446.6,28,528,528,1,,,,,,,False,,,p0012,,stage_a_no_detection
3,True,100.0,100.0,80.1,1178,66.8,66.7,False,13446.6,29,529,529,1,t67,0.9871,155.0,G:523-623:carrier=t67:d=t68:n=t79,,,False,,p0004,p0012,False,present_misattributed
3,True,100.0,100.0,80.1,1178,66.8,66.7,False,13446.6,30,530,530,1,,,,,,,False,,,p0012,,stage_a_no_detection
3,True,100.0,100.0,80.1,1178,66.8,66.7,False,13446.6,31,531,532,2,t67,0.9871,155.0,G:523-623:carrier=t67:d=t68:n=t79,,,False,,p0004,p0012,False,present_misattributed
3,True,100.0,100.0,80.1,1178,66.8,66.7,False,13446.6,32,533,538,6,,,,,,,False,,,p0012,,stage_a_no_detection
3,True,100.0,100.0,80.1,1178,66.8,66.7,False,13446.6,33,539,543,5,t67,0.9871,155.0,G:523-623:carrier=t67:d=t68:n=t79,,,False,,p0004,p0012,False,present_misattributed
3,True,100.0,100.0,80.1,1178,66.8,66.7,False,13446.6,34,544,547,4,,,,,,,False,,,p0012,,stage_a_no_detection
3,True,100.0,100.0,80.1,1178,66.8,66.7,False,13446.6,35,548,565,18,t67,0.9871,155.0,G:523-623:carrier=t67:d=t68:n=t79,,,False,,p0004,p0012,False,present_misattributed
3,True,100.0,100.0,80.1,1178,66.8,66.7,False,13446.6,36,566,573,8,,,,,,,False,,,p0012,,stage_a_no_detection
3,True,100.0,100.0,80.1,1178,66.8,66.7,False,13446.6,37,574,575,2,t67,0.9871,155.0,G:523-623:carrier=t67:d=t68:n=t79,,,False,,p0004,p0012,False,present_misattributed
3,True,100.0,100.0,80.1,1178,66.8,66.7,False,13446.6,38,576,599,24,,,,,,,False,,,p0012,,stage_a_no_detection
3,True,100.0,100.0,80.1,1178,66.8,66.7,False,13446.6,39,600,602,3,t67,0.9871,155.0,G:523-623:carrier=t67:d=t68:n=t79,,,False,,p0004,p0012,False,present_misattributed
3,True,100.0,100.0,80.1,1178,66.8,66.7,False,13446.6,40,603,614,12,,,,,,,False,,,p0012,,stage_a_no_detection
3,True,100.0,100.0,80.1,1178,66.8,66.7,False,13446.6,41,615,623,9,t67,0.9871,155.0,G:523-623:carrier=t67:d=t68:n=t79,,,False,,p0004,p0012,False,present_misattributed
3,True,100.0,100.0,80.1,1178,66.8,66.7,False,13446.6,42,624,624,1,t67,0.9871,155.0,T:t67:s2:624-630,,,False,,p0004,p0012,False,present_misattributed
3,True,100.0,100.0,80.1,1178,66.8,66.7,False,13446.6,43,625,630,6,t79,1.0,6.0,T:t79,,,False,,p0010,p0012,False,present_misattributed
3,True,100.0,100.0,80.1,1178,66.8,66.7,False,13446.6,44,631,643,13,t67,0.9871,155.0,G:631-704:carrier=t67:d=t79:n=none,,,False,,p0004,p0012,False,present_misattributed
3,True,100.0,100.0,80.1,1178,66.8,66.7,False,13446.6,45,644,647,4,,,,,,,False,,,p0012,,stage_a_no_detection
3,True,100.0,100.0,80.1,1178,66.8,66.7,False,13446.6,46,648,651,4,t67,0.9871,155.0,G:631-704:carrier=t67:d=t79:n=none,,,False,,p0004,p0012,False,present_misattributed
3,True,100.0,100.0,80.1,1178,66.8,66.7,False,13446.6,47,652,660,9,,,,,,,False,,,p0012,,stage_a_no_detection
3,True,100.0,100.0,80.1,1178,66.8,66.7,False,13446.6,48,661,704,44,t67,0.9871,155.0,G:631-704:carrier=t67:d=t79:n=none,,,False,,p0004,p0012,False,present_misattributed
3,True,100.0,100.0,80.1,1178,66.8,66.7,False,13446.6,49,705,706,2,t67,0.9871,155.0,,,,False,,p0003,p0012,False,present_misattributed
3,True,100.0,100.0,80.1,1178,66.8,66.7,False,13446.6,50,707,707,1,,,,,,,False,,,p0012,,stage_a_no_detection
3,True,100.0,100.0,80.1,1178,66.8,66.7,False,13446.6,51,708,717,10,t67,0.9871,155.0,,,,False,,p0003,p0012,False,present_misattributed
3,True,100.0,100.0,80.1,1178,66.8,66.7,False,13446.6,52,718,722,5,t67,0.9871,155.0,,,,False,,p0004,p0012,False,present_misattributed
3,True,100.0,100.0,80.1,1178,66.8,66.7,False,13446.6,53,723,723,1,t3,0.013,617.0,,,,False,,p0012,p0012,True,present
3,True,100.0,100.0,80.1,1178,66.8,66.7,False,13446.6,54,724,724,1,t67,0.9871,155.0,,,,False,,p0004,p0012,False,present_misattributed
3,True,100.0,100.0,80.1,1178,66.8,66.7,False,13446.6,55,725,725,1,,,,,,,False,,,p0012,,stage_a_no_detection
3,True,100.0,100.0,80.1,1178,66.8,66.7,False,13446.6,56,726,745,20,t67,0.9871,155.0,,,,False,,p0004,p0012,False,present_misattributed
3,True,100.0,100.0,80.1,1178,66.8,66.7,False,13446.6,57,746,746,1,t3,0.013,617.0,,,,False,,p0012,p0012,True,present
3,True,100.0,100.0,80.1,1178,66.8,66.7,False,13446.6,58,747,747,1,t67,0.9871,155.0,,,,False,,p0004,p0012,False,present_misattributed
3,True,100.0,100.0,80.1,1178,66.8,66.7,False,13446.6,59,748,749,2,t3,0.013,617.0,,,,False,,p0012,p0012,True,present
3,True,100.0,100.0,80.1,1178,66.8,66.7,False,13446.6,60,750,750,1,,,,,,,False,,,p0012,,stage_a_no_detection
3,True,100.0,100.0,80.1,1178,66.8,66.7,False,13446.6,61,751,754,4,t3,0.013,617.0,,,,False,,p0012,p0012,True,present
3,True,100.0,100.0,80.1,1178,66.8,66.7,False,13446.6,62,755,786,32,,,,,,,False,,,p0012,,stage_a_no_detection
3,True,100.0,100.0,80.1,1178,66.8,66.7,False,13446.6,63,787,787,1,t90,0.126,127.0,G:750-820:carrier=t90:d=t67_s2:n=t94,GROUP,2.0,True,,p0004,p0012,False,present_misattributed
3,True,100.0,100.0,80.1,1178,66.8,66.7,False,13446.6,64,788,788,1,,,,,,,False,,,p0012,,stage_a_no_detection
3,True,100.0,100.0,80.1,1178,66.8,66.7,False,13446.6,65,789,790,2,t90,0.126,127.0,G:750-820:carrier=t90:d=t67_s2:n=t94,GROUP,2.0,True,,p0004,p0012,False,present_misattributed
3,True,100.0,100.0,80.1,1178,66.8,66.7,False,13446.6,66,791,794,4,,,,,,,False,,,p0012,,stage_a_no_detection
3,True,100.0,100.0,80.1,1178,66.8,66.7,False,13446.6,67,795,796,2,t90,0.126,127.0,G:750-820:carrier=t90:d=t67_s2:n=t94,GROUP,2.0,True,,p0004,p0012,False,present_misattributed
3,True,100.0,100.0,80.1,1178,66.8,66.7,False,13446.6,68,797,800,4,,,,,,,False,,,p0012,,stage_a_no_detection
3,True,100.0,100.0,80.1,1178,66.8,66.7,False,13446.6,69,801,805,5,t90,0.126,127.0,G:750-820:carrier=t90:d=t67_s2:n=t94,GROUP,2.0,True,,p0004,p0012,False,present_misattributed
3,True,100.0,100.0,80.1,1178,66.8,66.7,False,13446.6,70,806,812,7,,,,,,,False,,,p0012,,stage_a_no_detection
3,True,100.0,100.0,80.1,1178,66.8,66.7,False,13446.6,71,813,813,1,t90,0.126,127.0,G:750-820:carrier=t90:d=t67_s2:n=t94,GROUP,2.0,True,,p0004,p0012,False,present_misattributed
3,True,100.0,100.0,80.1,1178,66.8,66.7,False,13446.6,72,814,816,3,t93,1.0,3.0,T:t93,SOLO,1.0,False,,p0012,p0012,True,present
3,True,100.0,100.0,80.1,1178,66.8,66.7,False,13446.6,73,817,817,1,t90,0.126,127.0,G:750-820:carrier=t90:d=t67_s2:n=t94,GROUP,2.0,True,,p0004,p0012,False,present_misattributed
3,True,100.0,100.0,80.1,1178,66.8,66.7,False,13446.6,74,818,818,1,,,,,,,False,,,p0012,,stage_a_no_detection
3,True,100.0,100.0,80.1,1178,66.8,66.7,False,13446.6,75,819,820,2,t90,0.126,127.0,G:750-820:carrier=t90:d=t67_s2:n=t94,GROUP,2.0,True,,p0004,p0012,False,present_misattributed
3,True,100.0,100.0,80.1,1178,66.8,66.7,False,13446.6,76,821,822,2,t94,1.0,2.0,T:t94,SOLO,1.0,False,,p0005,p0012,False,present_misattributed
3,True,100.0,100.0,80.1,1178,66.8,66.7,False,13446.6,77,823,825,3,,,,,,,False,,,p0012,,stage_a_no_detection
3,True,100.0,100.0,80.1,1178,66.8,66.7,False,13446.6,78,826,830,5,t4,0.297,1249.0,,,,False,,p0011,p0012,False,present_misattributed
3,True,100.0,100.0,80.1,1178,66.8,66.7,False,13446.6,79,831,835,5,,,,,,,False,,,p0012,,stage_a_no_detection
3,True,100.0,100.0,80.1,1178,66.8,66.7,False,13446.6,80,836,895,60,t4,0.297,1249.0,,,,False,,p0011,p0012,False,present_misattributed
3,True,100.0,100.0,80.1,1178,66.8,66.7,False,13446.6,81,896,896,1,,,,,,,False,,,p0012,,stage_a_no_detection
3,True,100.0,100.0,80.1,1178,66.8,66.7,False,13446.6,82,897,900,4,t4,0.297,1249.0,,,,False,,p0011,p0012,False,present_misattributed
3,True,100.0,100.0,80.1,1178,66.8,66.7,False,13446.6,83,901,905,5,,,,,,,False,,,p0012,,stage_a_no_detection
3,True,100.0,100.0,80.1,1178,66.8,66.7,False,13446.6,84,906,919,14,t4,0.297,1249.0,,,,False,,p0011,p0012,False,present_misattributed
3,True,100.0,100.0,80.1,1178,66.8,66.7,False,13446.6,85,920,921,2,t90,0.126,127.0,G:823-921:carrier=t90:d=t94:n=none,GROUP,2.0,True,,p0004,p0012,False,present_misattributed
3,True,100.0,100.0,80.1,1178,66.8,66.7,False,13446.6,86,922,938,17,t4,0.297,1249.0,,,,False,,p0004,p0012,False,present_misattributed
3,True,100.0,100.0,80.1,1178,66.8,66.7,False,13446.6,87,939,940,2,,,,,,,False,,,p0012,,stage_a_no_detection
3,True,100.0,100.0,80.1,1178,66.8,66.7,False,13446.6,88,941,942,2,t4,0.297,1249.0,,,,False,,p0004,p0012,False,present_misattributed
3,True,100.0,100.0,80.1,1178,66.8,66.7,False,13446.6,89,943,951,9,,,,,,,False,,,p0012,,stage_a_no_detection
3,True,100.0,100.0,80.1,1178,66.8,66.7,False,13446.6,90,952,956,5,t4,0.297,1249.0,,,,False,,p0004,p0012,False,present_misattributed
3,True,100.0,100.0,80.1,1178,66.8,66.7,False,13446.6,91,957,979,23,,,,,,,False,,,p0012,,stage_a_no_detection
3,True,100.0,100.0,80.1,1178,66.8,66.7,False,13446.6,92,980,992,13,t4,0.297,1249.0,,,,False,,p0004,p0012,False,present_misattributed
3,True,100.0,100.0,80.1,1178,66.8,66.7,False,13446.6,93,993,993,1,,,,,,,False,,,p0012,,stage_a_no_detection
3,True,100.0,100.0,80.1,1178,66.8,66.7,False,13446.6,94,994,1027,34,t4,0.297,1249.0,,,,False,,p0004,p0012,False,present_misattributed
3,True,100.0,100.0,80.1,1178,66.8,66.7,False,13446.6,95,1028,1028,1,,,,,,,False,,,p0012,,stage_a_no_detection
3,True,100.0,100.0,80.1,1178,66.8,66.7,False,13446.6,96,1029,1039,11,t4,0.297,1249.0,,,,False,,p0004,p0012,False,present_misattributed
3,True,100.0,100.0,80.1,1178,66.8,66.7,False,13446.6,97,1040,1060,21,t4,0.297,1249.0,,,,False,,,p0012,,d4_unassigned
3,True,100.0,100.0,80.1,1178,66.8,66.7,False,13446.6,98,1061,1061,1,t4,0.297,1249.0,,,,False,,p0004,p0012,False,present_misattributed
3,True,100.0,100.0,80.1,1178,66.8,66.7,False,13446.6,99,1062,1069,8,t106,0.1984,126.0,,,,False,,p0012,p0012,True,present
3,True,100.0,100.0,80.1,1178,66.8,66.7,False,13446.6,100,1070,1098,29,t4,0.297,1249.0,,,,False,,p0004,p0012,False,present_misattributed
3,True,100.0,100.0,80.1,1178,66.8,66.7,False,13446.6,101,1099,1115,17,t106,0.1984,126.0,,,,False,,p0012,p0012,True,present
3,True,100.0,100.0,80.1,1178,66.8,66.7,False,13446.6,102,1116,1116,1,,,,,,,False,,,p0012,,stage_a_no_detection
3,True,100.0,100.0,80.1,1178,66.8,66.7,False,13446.6,103,1117,1139,23,t4,0.297,1249.0,,,,False,,p0012,p0012,True,present
3,True,100.0,100.0,80.1,1178,66.8,66.7,False,13446.6,104,1140,1140,1,,,,,,,False,,,p0012,,stage_a_no_detection
3,True,100.0,100.0,80.1,1178,66.8,66.7,False,13446.6,105,1141,1158,18,t4,0.297,1249.0,,,,False,,p0012,p0012,True,present
3,True,100.0,100.0,80.1,1178,66.8,66.7,False,13446.6,106,1159,1159,1,,,,,,,False,,,p0012,,stage_a_no_detection
3,True,100.0,100.0,80.1,1178,66.8,66.7,False,13446.6,107,1160,1174,15,t4,0.297,1249.0,,,,False,,p0012,p0012,True,present
3,True,100.0,100.0,80.1,1178,66.8,66.7,False,13446.6,108,1175,1182,8,t4,0.297,1249.0,,,,False,,p0004,p0012,False,present_misattributed
3,True,100.0,100.0,80.1,1178,66.8,66.7,False,13446.6,109,1183,1204,22,t4,0.297,1249.0,,,,False,,p0012,p0012,True,present
3,True,100.0,100.0,80.1,1178,66.8,66.7,False,13446.6,110,1205,1212,8,t4,0.297,1249.0,,,,False,,p0004,p0012,False,present_misattributed
3,True,100.0,100.0,80.1,1178,66.8,66.7,False,13446.6,111,1213,1219,7,t126,0.5294,17.0,T:t126,SOLO,1.0,False,,p0012,p0012,True,present
3,True,100.0,100.0,80.1,1178,66.8,66.7,False,13446.6,112,1220,1220,1,t4,0.297,1249.0,,,,False,,p0004,p0012,False,present_misattributed
3,True,100.0,100.0,80.1,1178,66.8,66.7,False,13446.6,113,1221,1222,2,t126,0.5294,17.0,T:t126,SOLO,1.0,False,,p0012,p0012,True,present
3,True,100.0,100.0,80.1,1178,66.8,66.7,False,13446.6,114,1223,1229,7,,,,,,,False,,,p0012,,stage_a_no_detection
3,True,100.0,100.0,80.1,1178,66.8,66.7,False,13446.6,115,1230,1255,26,t4,0.297,1249.0,,,,False,,p0012,p0012,True,present
3,True,100.0,100.0,80.1,1178,66.8,66.7,False,13446.6,116,1256,1258,3,,,,,,,False,,,p0012,,stage_a_no_detection
3,True,100.0,100.0,80.1,1178,66.8,66.7,False,13446.6,117,1259,1260,2,t4,0.297,1249.0,,,,False,,p0012,p0012,True,present
3,True,100.0,100.0,80.1,1178,66.8,66.7,False,13446.6,118,1261,1261,1,,,,,,,False,,,p0012,,stage_a_no_detection
3,True,100.0,100.0,80.1,1178,66.8,66.7,False,13446.6,119,1262,1262,1,t4,0.297,1249.0,,,,False,,p0012,p0012,True,present
3,True,100.0,100.0,80.1,1178,66.8,66.7,False,13446.6,120,1263,1276,14,,,,,,,False,,,p0012,,stage_a_no_detection
3,True,100.0,100.0,80.1,1178,66.8,66.7,False,13446.6,121,1277,1299,23,t4,0.297,1249.0,,,,False,,p0012,p0012,True,present
3,True,100.0,100.0,80.1,1178,66.8,66.7,False,13446.6,122,1300,1312,13,,,,,,,False,,,p0012,,stage_a_no_detection
3,True,100.0,100.0,80.1,1178,66.8,66.7,False,13446.6,123,1313,1313,1,t4,0.297,1249.0,,,,False,,p0004,p0012,False,present_misattributed
3,True,100.0,100.0,80.1,1178,66.8,66.7,False,13446.6,124,1314,1348,35,,,,,,,False,,,p0012,,stage_a_no_detection
3,True,100.0,100.0,80.1,1178,66.8,66.7,False,13446.6,125,1349,1351,3,t4,0.297,1249.0,,,,False,,p0012,p0012,True,present
3,True,100.0,100.0,80.1,1178,66.8,66.7,False,13446.6,126,1352,1355,4,t4,0.297,1249.0,,,,False,,p0004,p0012,False,present_misattributed
3,True,100.0,100.0,80.1,1178,66.8,66.7,False,13446.6,127,1356,1356,1,t147,0.7799,368.0,G:1356-1380:carrier=t147:d=t4_s12:n=t152,,,False,,p0012,p0012,True,present
3,True,100.0,100.0,80.1,1178,66.8,66.7,False,13446.6,128,1357,1357,1,,,,,,,False,,,p0012,,stage_a_no_detection
3,True,100.0,100.0,80.1,1178,66.8,66.7,False,13446.6,129,1358,1371,14,t147,0.7799,368.0,G:1356-1380:carrier=t147:d=t4_s12:n=t152,,,False,,p0012,p0012,True,present
3,True,100.0,100.0,80.1,1178,66.8,66.7,False,13446.6,130,1372,1372,1,,,,,,,False,,,p0012,,stage_a_no_detection
3,True,100.0,100.0,80.1,1178,66.8,66.7,False,13446.6,131,1373,1380,8,t147,0.7799,368.0,G:1356-1380:carrier=t147:d=t4_s12:n=t152,,,False,,p0012,p0012,True,present
3,True,100.0,100.0,80.1,1178,66.8,66.7,False,13446.6,132,1381,1381,1,t147,0.7799,368.0,T:t147:s2:1381-1385,SOLO,1.0,False,,p0004,p0012,False,present_misattributed
3,True,100.0,100.0,80.1,1178,66.8,66.7,False,13446.6,133,1382,1382,1,,,,,,,False,,,p0012,,stage_a_no_detection
3,True,100.0,100.0,80.1,1178,66.8,66.7,False,13446.6,134,1383,1384,2,t152,0.5,4.0,T:t152,SOLO,1.0,False,,p0012,p0012,True,present
3,True,100.0,100.0,80.1,1178,66.8,66.7,False,13446.6,135,1385,1385,1,t147,0.7799,368.0,T:t147:s2:1381-1385,SOLO,1.0,False,,p0004,p0012,False,present_misattributed
3,True,100.0,100.0,80.1,1178,66.8,66.7,False,13446.6,136,1386,1386,1,,,,,,,False,,,p0012,,stage_a_no_detection
3,True,100.0,100.0,80.1,1178,66.8,66.7,False,13446.6,137,1387,1549,163,t147,0.7799,368.0,G:1386-1558:carrier=t147:d=t152:n=t158,,,False,,p0012,p0012,True,present
3,True,100.0,100.0,80.1,1178,66.8,66.7,False,13446.6,138,1550,1550,1,,,,,,,False,,,p0012,,stage_a_no_detection
3,True,100.0,100.0,80.1,1178,66.8,66.7,False,13446.6,139,1551,1558,8,t147,0.7799,368.0,G:1386-1558:carrier=t147:d=t152:n=t158,,,False,,p0012,p0012,True,present
3,True,100.0,100.0,80.1,1178,66.8,66.7,False,13446.6,140,1559,1560,2,t158,1.0,2.0,T:t158,,,False,,p0012,p0012,True,present
3,True,100.0,100.0,80.1,1178,66.8,66.7,False,13446.6,141,1561,1561,1,,,,,,,False,,,p0012,,stage_a_no_detection
3,True,100.0,100.0,80.1,1178,66.8,66.7,False,13446.6,142,1562,1648,87,t147,0.7799,368.0,G:1561-1649:carrier=t147:d=t158:n=t163,,,False,,p0012,p0012,True,present
3,True,100.0,100.0,80.1,1178,66.8,66.7,False,13446.6,143,1649,1649,1,,,,,,,False,,,p0012,,stage_a_no_detection
3,True,100.0,100.0,80.1,1178,66.8,66.7,False,13446.6,144,1650,1650,1,t163,0.75,56.0,T:t163,,,False,,p0012,p0012,True,present
3,True,100.0,100.0,80.1,1178,66.8,66.7,False,13446.6,145,1651,1651,1,,,,,,,False,,,p0012,,stage_a_no_detection
3,True,100.0,100.0,80.1,1178,66.8,66.7,False,13446.6,146,1652,1653,2,t163,0.75,56.0,T:t163,,,False,,p0012,p0012,True,present
3,True,100.0,100.0,80.1,1178,66.8,66.7,False,13446.6,147,1654,1659,6,,,,,,,False,,,p0012,,stage_a_no_detection
3,True,100.0,100.0,80.1,1178,66.8,66.7,False,13446.6,148,1660,1660,1,t163,0.75,56.0,T:t163,,,False,,p0012,p0012,True,present
3,True,100.0,100.0,80.1,1178,66.8,66.7,False,13446.6,149,1661,1662,2,,,,,,,False,,,p0012,,stage_a_no_detection
3,True,100.0,100.0,80.1,1178,66.8,66.7,False,13446.6,150,1663,1682,20,t163,0.75,56.0,T:t163,,,False,,p0012,p0012,True,present
3,True,100.0,100.0,80.1,1178,66.8,66.7,False,13446.6,151,1683,1692,10,,,,,,,False,,,p0012,,stage_a_no_detection
3,True,100.0,100.0,80.1,1178,66.8,66.7,False,13446.6,152,1693,1701,9,t163,0.75,56.0,T:t163,,,False,,p0012,p0012,True,present
3,True,100.0,100.0,80.1,1178,66.8,66.7,False,13446.6,153,1702,1704,3,,,,,,,False,,,p0012,,stage_a_no_detection
3,True,100.0,100.0,80.1,1178,66.8,66.7,False,13446.6,154,1705,1713,9,t163,0.75,56.0,T:t163,,,False,,p0012,p0012,True,present
3,True,100.0,100.0,80.1,1178,66.8,66.7,False,13446.6,155,1714,1737,24,,,,,,,False,,,p0012,,stage_a_no_detection
3,True,100.0,100.0,80.1,1178,66.8,66.7,False,13446.6,156,1738,1738,1,t166,0.9167,24.0,T:t166,,,False,,p0017,p0012,False,present_misattributed
3,True,100.0,100.0,80.1,1178,66.8,66.7,False,13446.6,157,1739,1742,4,t147,0.7799,368.0,T:t147:s6:1650-1754,,,False,,p0004,p0012,False,present_misattributed
3,True,100.0,100.0,80.1,1178,66.8,66.7,False,13446.6,158,1743,1763,21,t166,0.9167,24.0,T:t166,,,False,,p0017,p0012,False,present_misattributed
4,True,100.0,100.0,99.6,819,46.4,46.4,True,41621.6,0,0,362,364,,,,,,,False,,,p0003,,stage_a_no_detection
4,True,100.0,100.0,99.6,819,46.4,46.4,True,41621.6,1,363,369,7,t49,0.9167,12.0,T:t49,SOLO,1.0,False,,p0002,p0003,False,present_misattributed
4,True,100.0,100.0,99.6,819,46.4,46.4,True,41621.6,2,370,371,2,,,,,,,False,,,p0003,,stage_a_no_detection
4,True,100.0,100.0,99.6,819,46.4,46.4,True,41621.6,3,372,375,4,t49,0.9167,12.0,T:t49,SOLO,1.0,False,,p0002,p0003,False,present_misattributed
4,True,100.0,100.0,99.6,819,46.4,46.4,True,41621.6,4,376,378,3,,,,,,,False,,,p0003,,stage_a_no_detection
4,True,100.0,100.0,99.6,819,46.4,46.4,True,41621.6,5,379,379,1,t2,0.2875,1666.0,T:t2:s5:363-403,,,False,,p0001,p0003,False,present_misattributed
4,True,100.0,100.0,99.6,819,46.4,46.4,True,41621.6,6,380,385,6,,,,,,,False,,,p0003,,stage_a_no_detection
4,True,100.0,100.0,99.6,819,46.4,46.4,True,41621.6,7,386,387,2,t51,1.0,7.0,T:t51,SOLO,1.0,False,,p0006,p0003,False,present_misattributed
4,True,100.0,100.0,99.6,819,46.4,46.4,True,41621.6,8,388,388,1,,,,,,,False,,,p0003,,stage_a_no_detection
4,True,100.0,100.0,99.6,819,46.4,46.4,True,41621.6,9,389,389,1,t51,1.0,7.0,T:t51,SOLO,1.0,False,,p0006,p0003,False,present_misattributed
4,True,100.0,100.0,99.6,819,46.4,46.4,True,41621.6,10,390,396,7,,,,,,,False,,,p0003,,stage_a_no_detection
4,True,100.0,100.0,99.6,819,46.4,46.4,True,41621.6,11,397,400,4,t51,1.0,7.0,T:t51,SOLO,1.0,False,,p0006,p0003,False,present_misattributed
4,True,100.0,100.0,99.6,819,46.4,46.4,True,41621.6,12,401,445,45,,,,,,,False,,,p0003,,stage_a_no_detection
4,True,100.0,100.0,99.6,819,46.4,46.4,True,41621.6,13,446,447,2,t2,0.2875,1666.0,G:404-488:carrier=t2:d=t51:n=t62,GROUP,2.0,True,,p0001,p0003,False,present_misattributed
4,True,100.0,100.0,99.6,819,46.4,46.4,True,41621.6,14,448,488,41,,,,,,,False,,,p0003,,stage_a_no_detection
4,True,100.0,100.0,99.6,819,46.4,46.4,True,41621.6,15,489,494,6,t62,0.8824,34.0,T:t62,SOLO,1.0,False,,p0006,p0003,False,present_misattributed
4,True,100.0,100.0,99.6,819,46.4,46.4,True,41621.6,16,495,510,16,,,,,,,False,,,p0003,,stage_a_no_detection
4,True,100.0,100.0,99.6,819,46.4,46.4,True,41621.6,17,511,514,4,t62,0.8824,34.0,T:t62,SOLO,1.0,False,,p0006,p0003,False,present_misattributed
4,True,100.0,100.0,99.6,819,46.4,46.4,True,41621.6,18,515,516,2,,,,,,,False,,,p0003,,stage_a_no_detection
4,True,100.0,100.0,99.6,819,46.4,46.4,True,41621.6,19,517,521,5,t62,0.8824,34.0,T:t62,SOLO,1.0,False,,p0006,p0003,False,present_misattributed
4,True,100.0,100.0,99.6,819,46.4,46.4,True,41621.6,20,522,536,15,,,,,,,False,,,p0003,,stage_a_no_detection
4,True,100.0,100.0,99.6,819,46.4,46.4,True,41621.6,21,537,541,5,t62,0.8824,34.0,T:t62,SOLO,1.0,False,,p0006,p0003,False,present_misattributed
4,True,100.0,100.0,99.6,819,46.4,46.4,True,41621.6,22,542,542,1,,,,,,,False,,,p0003,,stage_a_no_detection
4,True,100.0,100.0,99.6,819,46.4,46.4,True,41621.6,23,543,543,1,t62,0.8824,34.0,T:t62,SOLO,1.0,False,,p0006,p0003,False,present_misattributed
4,True,100.0,100.0,99.6,819,46.4,46.4,True,41621.6,24,544,544,1,,,,,,,False,,,p0003,,stage_a_no_detection
4,True,100.0,100.0,99.6,819,46.4,46.4,True,41621.6,25,545,548,4,t62,0.8824,34.0,T:t62,SOLO,1.0,False,,p0006,p0003,False,present_misattributed
4,True,100.0,100.0,99.6,819,46.4,46.4,True,41621.6,26,549,550,2,,,,,,,False,,,p0003,,stage_a_no_detection
4,True,100.0,100.0,99.6,819,46.4,46.4,True,41621.6,27,551,552,2,t62,0.8824,34.0,T:t62,SOLO,1.0,False,,p0006,p0003,False,present_misattributed
4,True,100.0,100.0,99.6,819,46.4,46.4,True,41621.6,28,553,557,5,,,,,,,False,,,p0003,,stage_a_no_detection
4,True,100.0,100.0,99.6,819,46.4,46.4,True,41621.6,29,558,558,1,t62,0.8824,34.0,T:t62,SOLO,1.0,False,,p0006,p0003,False,present_misattributed
4,True,100.0,100.0,99.6,819,46.4,46.4,True,41621.6,30,559,561,3,,,,,,,False,,,p0003,,stage_a_no_detection
4,True,100.0,100.0,99.6,819,46.4,46.4,True,41621.6,31,562,562,1,t62,0.8824,34.0,T:t62,SOLO,1.0,False,,p0006,p0003,False,present_misattributed
4,True,100.0,100.0,99.6,819,46.4,46.4,True,41621.6,32,563,566,4,,,,,,,False,,,p0003,,stage_a_no_detection
4,True,100.0,100.0,99.6,819,46.4,46.4,True,41621.6,33,567,567,1,t62,0.8824,34.0,T:t62,SOLO,1.0,False,,p0006,p0003,False,present_misattributed
4,True,100.0,100.0,99.6,819,46.4,46.4,True,41621.6,34,568,625,58,,,,,,,False,,,p0003,,stage_a_no_detection
4,True,100.0,100.0,99.6,819,46.4,46.4,True,41621.6,35,626,628,3,t81,0.9831,59.0,T:t81,SOLO,1.0,False,,p0006,p0003,False,present_misattributed
4,True,100.0,100.0,99.6,819,46.4,46.4,True,41621.6,36,629,630,2,,,,,,,False,,,p0003,,stage_a_no_detection
4,True,100.0,100.0,99.6,819,46.4,46.4,True,41621.6,37,631,646,16,t81,0.9831,59.0,T:t81,SOLO,1.0,False,,p0006,p0003,False,present_misattributed
4,True,100.0,100.0,99.6,819,46.4,46.4,True,41621.6,38,647,649,3,,,,,,,False,,,p0003,,stage_a_no_detection
4,True,100.0,100.0,99.6,819,46.4,46.4,True,41621.6,39,650,650,1,t81,0.9831,59.0,T:t81,SOLO,1.0,False,,p0006,p0003,False,present_misattributed
4,True,100.0,100.0,99.6,819,46.4,46.4,True,41621.6,40,651,651,1,,,,,,,False,,,p0003,,stage_a_no_detection
4,True,100.0,100.0,99.6,819,46.4,46.4,True,41621.6,41,652,653,2,t81,0.9831,59.0,T:t81,SOLO,1.0,False,,p0006,p0003,False,present_misattributed
4,True,100.0,100.0,99.6,819,46.4,46.4,True,41621.6,42,654,658,5,,,,,,,False,,,p0003,,stage_a_no_detection
4,True,100.0,100.0,99.6,819,46.4,46.4,True,41621.6,43,659,672,14,t81,0.9831,59.0,T:t81,SOLO,1.0,False,,p0006,p0003,False,present_misattributed
4,True,100.0,100.0,99.6,819,46.4,46.4,True,41621.6,44,673,682,10,t81,0.9831,59.0,G:673-682:carrier=t2:d=t81:n=t81_s2,GROUP,2.0,True,0.2817,p0005,p0003,False,present_misattributed
4,True,100.0,100.0,99.6,819,46.4,46.4,True,41621.6,45,683,687,5,t81,0.9831,59.0,,,,False,,p0006,p0003,False,present_misattributed
4,True,100.0,100.0,99.6,819,46.4,46.4,True,41621.6,46,688,688,1,,,,,,,False,,,p0003,,stage_a_no_detection
4,True,100.0,100.0,99.6,819,46.4,46.4,True,41621.6,47,689,694,6,t81,0.9831,59.0,,,,False,,p0006,p0003,False,present_misattributed
4,True,100.0,100.0,99.6,819,46.4,46.4,True,41621.6,48,695,696,2,,,,,,,False,,,p0003,,stage_a_no_detection
4,True,100.0,100.0,99.6,819,46.4,46.4,True,41621.6,49,697,697,1,t81,0.9831,59.0,,,,False,,p0006,p0003,False,present_misattributed
4,True,100.0,100.0,99.6,819,46.4,46.4,True,41621.6,50,698,698,1,,,,,,,False,,,p0003,,stage_a_no_detection
4,True,100.0,100.0,99.6,819,46.4,46.4,True,41621.6,51,699,699,1,t2,0.2875,1666.0,G:683-711:carrier=t2:d=t81_s1:n=t86,,,False,,p0001,p0003,False,present_misattributed
4,True,100.0,100.0,99.6,819,46.4,46.4,True,41621.6,52,700,711,12,,,,,,,False,,,p0003,,stage_a_no_detection
4,True,100.0,100.0,99.6,819,46.4,46.4,True,41621.6,53,712,718,7,t2,0.2875,1666.0,T:t2:s12:712-894,,,False,,p0001,p0003,False,present_misattributed
4,True,100.0,100.0,99.6,819,46.4,46.4,True,41621.6,54,719,720,2,,,,,,,False,,,p0003,,stage_a_no_detection
4,True,100.0,100.0,99.6,819,46.4,46.4,True,41621.6,55,721,724,4,t2,0.2875,1666.0,T:t2:s12:712-894,,,False,,p0001,p0003,False,present_misattributed
4,True,100.0,100.0,99.6,819,46.4,46.4,True,41621.6,56,725,727,3,,,,,,,False,,,p0003,,stage_a_no_detection
4,True,100.0,100.0,99.6,819,46.4,46.4,True,41621.6,57,728,728,1,t86,0.0625,16.0,T:t86,,,False,,p0005,p0003,False,present_misattributed
4,True,100.0,100.0,99.6,819,46.4,46.4,True,41621.6,58,729,729,1,,,,,,,False,,,p0003,,stage_a_no_detection
4,True,100.0,100.0,99.6,819,46.4,46.4,True,41621.6,59,730,776,47,t2,0.2875,1666.0,T:t2:s12:712-894,,,False,,p0001,p0003,False,present_misattributed
4,True,100.0,100.0,99.6,819,46.4,46.4,True,41621.6,60,777,777,1,,,,,,,False,,,p0003,,stage_a_no_detection
4,True,100.0,100.0,99.6,819,46.4,46.4,True,41621.6,61,778,778,1,t2,0.2875,1666.0,T:t2:s12:712-894,,,False,,p0001,p0003,False,present_misattributed
4,True,100.0,100.0,99.6,819,46.4,46.4,True,41621.6,62,779,779,1,,,,,,,False,,,p0003,,stage_a_no_detection
4,True,100.0,100.0,99.6,819,46.4,46.4,True,41621.6,63,780,806,27,t2,0.2875,1666.0,T:t2:s12:712-894,,,False,,p0001,p0003,False,present_misattributed
4,True,100.0,100.0,99.6,819,46.4,46.4,True,41621.6,64,807,808,2,,,,,,,False,,,p0003,,stage_a_no_detection
4,True,100.0,100.0,99.6,819,46.4,46.4,True,41621.6,65,809,809,1,t2,0.2875,1666.0,T:t2:s12:712-894,,,False,,p0001,p0003,False,present_misattributed
4,True,100.0,100.0,99.6,819,46.4,46.4,True,41621.6,66,810,810,1,,,,,,,False,,,p0003,,stage_a_no_detection
4,True,100.0,100.0,99.6,819,46.4,46.4,True,41621.6,67,811,812,2,t2,0.2875,1666.0,T:t2:s12:712-894,,,False,,p0001,p0003,False,present_misattributed
4,True,100.0,100.0,99.6,819,46.4,46.4,True,41621.6,68,813,819,7,,,,,,,False,,,p0003,,stage_a_no_detection
4,True,100.0,100.0,99.6,819,46.4,46.4,True,41621.6,69,820,828,9,t2,0.2875,1666.0,T:t2:s12:712-894,,,False,,p0001,p0003,False,present_misattributed
4,True,100.0,100.0,99.6,819,46.4,46.4,True,41621.6,70,829,829,1,,,,,,,False,,,p0003,,stage_a_no_detection
4,True,100.0,100.0,99.6,819,46.4,46.4,True,41621.6,71,830,832,3,t2,0.2875,1666.0,T:t2:s12:712-894,,,False,,p0001,p0003,False,present_misattributed
4,True,100.0,100.0,99.6,819,46.4,46.4,True,41621.6,72,833,833,1,,,,,,,False,,,p0003,,stage_a_no_detection
4,True,100.0,100.0,99.6,819,46.4,46.4,True,41621.6,73,834,893,60,t2,0.2875,1666.0,T:t2:s12:712-894,,,False,,p0001,p0003,False,present_misattributed
4,True,100.0,100.0,99.6,819,46.4,46.4,True,41621.6,74,894,894,1,t102,1.0,1.0,T:t102,SOLO,1.0,False,,p0003,p0003,True,present
4,True,100.0,100.0,99.6,819,46.4,46.4,True,41621.6,75,895,926,32,t2,0.2875,1666.0,G:895-1264:carrier=t2:d=t102:n=t135,,,False,,p0003,p0003,True,present
4,True,100.0,100.0,99.6,819,46.4,46.4,True,41621.6,76,927,928,2,,,,,,,False,,,p0003,,stage_a_no_detection
4,True,100.0,100.0,99.6,819,46.4,46.4,True,41621.6,77,929,932,4,t2,0.2875,1666.0,G:895-1264:carrier=t2:d=t102:n=t135,,,False,,p0003,p0003,True,present
4,True,100.0,100.0,99.6,819,46.4,46.4,True,41621.6,78,933,933,1,,,,,,,False,,,p0003,,stage_a_no_detection
4,True,100.0,100.0,99.6,819,46.4,46.4,True,41621.6,79,934,954,21,t2,0.2875,1666.0,G:895-1264:carrier=t2:d=t102:n=t135,,,False,,p0003,p0003,True,present
4,True,100.0,100.0,99.6,819,46.4,46.4,True,41621.6,80,955,955,1,,,,,,,False,,,p0003,,stage_a_no_detection
4,True,100.0,100.0,99.6,819,46.4,46.4,True,41621.6,81,956,999,44,t2,0.2875,1666.0,G:895-1264:carrier=t2:d=t102:n=t135,,,False,,p0003,p0003,True,present
4,True,100.0,100.0,99.6,819,46.4,46.4,True,41621.6,82,1000,1006,7,,,,,,,False,,,p0003,,stage_a_no_detection
4,True,100.0,100.0,99.6,819,46.4,46.4,True,41621.6,83,1007,1012,6,t2,0.2875,1666.0,G:895-1264:carrier=t2:d=t102:n=t135,,,False,,p0003,p0003,True,present
4,True,100.0,100.0,99.6,819,46.4,46.4,True,41621.6,84,1013,1019,7,,,,,,,False,,,p0003,,stage_a_no_detection
4,True,100.0,100.0,99.6,819,46.4,46.4,True,41621.6,85,1020,1162,143,t2,0.2875,1666.0,G:895-1264:carrier=t2:d=t102:n=t135,,,False,,p0003,p0003,True,present
4,True,100.0,100.0,99.6,819,46.4,46.4,True,41621.6,86,1163,1165,3,,,,,,,False,,,p0003,,stage_a_no_detection
4,True,100.0,100.0,99.6,819,46.4,46.4,True,41621.6,87,1166,1187,22,t2,0.2875,1666.0,G:895-1264:carrier=t2:d=t102:n=t135,,,False,,p0003,p0003,True,present
4,True,100.0,100.0,99.6,819,46.4,46.4,True,41621.6,88,1188,1195,8,,,,,,,False,,,p0003,,stage_a_no_detection
4,True,100.0,100.0,99.6,819,46.4,46.4,True,41621.6,89,1196,1196,1,t2,0.2875,1666.0,G:895-1264:carrier=t2:d=t102:n=t135,,,False,,p0003,p0003,True,present
4,True,100.0,100.0,99.6,819,46.4,46.4,True,41621.6,90,1197,1197,1,,,,,,,False,,,p0003,,stage_a_no_detection
4,True,100.0,100.0,99.6,819,46.4,46.4,True,41621.6,91,1198,1206,9,t2,0.2875,1666.0,G:895-1264:carrier=t2:d=t102:n=t135,,,False,,p0003,p0003,True,present
4,True,100.0,100.0,99.6,819,46.4,46.4,True,41621.6,92,1207,1207,1,,,,,,,False,,,p0003,,stage_a_no_detection
4,True,100.0,100.0,99.6,819,46.4,46.4,True,41621.6,93,1208,1210,3,t2,0.2875,1666.0,G:895-1264:carrier=t2:d=t102:n=t135,,,False,,p0003,p0003,True,present
4,True,100.0,100.0,99.6,819,46.4,46.4,True,41621.6,94,1211,1264,54,,,,,,,False,,,p0003,,stage_a_no_detection
4,True,100.0,100.0,99.6,819,46.4,46.4,True,41621.6,95,1265,1266,2,t135,0.9953,214.0,T:t135,SOLO,1.0,False,,p0003,p0003,True,present
4,True,100.0,100.0,99.6,819,46.4,46.4,True,41621.6,96,1267,1269,3,,,,,,,False,,,p0003,,stage_a_no_detection
4,True,100.0,100.0,99.6,819,46.4,46.4,True,41621.6,97,1270,1271,2,t135,0.9953,214.0,T:t135,SOLO,1.0,False,,p0003,p0003,True,present
4,True,100.0,100.0,99.6,819,46.4,46.4,True,41621.6,98,1272,1274,3,,,,,,,False,,,p0003,,stage_a_no_detection
4,True,100.0,100.0,99.6,819,46.4,46.4,True,41621.6,99,1275,1275,1,t135,0.9953,214.0,T:t135,SOLO,1.0,False,,p0003,p0003,True,present
4,True,100.0,100.0,99.6,819,46.4,46.4,True,41621.6,100,1276,1277,2,,,,,,,False,,,p0003,,stage_a_no_detection
4,True,100.0,100.0,99.6,819,46.4,46.4,True,41621.6,101,1278,1340,63,t135,0.9953,214.0,T:t135,SOLO,1.0,False,,p0003,p0003,True,present
4,True,100.0,100.0,99.6,819,46.4,46.4,True,41621.6,102,1341,1341,1,,,,,,,False,,,p0003,,stage_a_no_detection
4,True,100.0,100.0,99.6,819,46.4,46.4,True,41621.6,103,1342,1342,1,t135,0.9953,214.0,T:t135,SOLO,1.0,False,,p0003,p0003,True,present
4,True,100.0,100.0,99.6,819,46.4,46.4,True,41621.6,104,1343,1343,1,,,,,,,False,,,p0003,,stage_a_no_detection
4,True,100.0,100.0,99.6,819,46.4,46.4,True,41621.6,105,1344,1349,6,t135,0.9953,214.0,T:t135,SOLO,1.0,False,,p0003,p0003,True,present
4,True,100.0,100.0,99.6,819,46.4,46.4,True,41621.6,106,1350,1350,1,,,,,,,False,,,p0003,,stage_a_no_detection
4,True,100.0,100.0,99.6,819,46.4,46.4,True,41621.6,107,1351,1351,1,t135,0.9953,214.0,T:t135,SOLO,1.0,False,,p0003,p0003,True,present
4,True,100.0,100.0,99.6,819,46.4,46.4,True,41621.6,108,1352,1353,2,,,,,,,False,,,p0003,,stage_a_no_detection
4,True,100.0,100.0,99.6,819,46.4,46.4,True,41621.6,109,1354,1355,2,t135,0.9953,214.0,T:t135,SOLO,1.0,False,,p0003,p0003,True,present
4,True,100.0,100.0,99.6,819,46.4,46.4,True,41621.6,110,1356,1362,7,,,,,,,False,,,p0003,,stage_a_no_detection
4,True,100.0,100.0,99.6,819,46.4,46.4,True,41621.6,111,1363,1375,13,t135,0.9953,214.0,T:t135,SOLO,1.0,False,,p0003,p0003,True,present
4,True,100.0,100.0,99.6,819,46.4,46.4,True,41621.6,112,1376,1376,1,,,,,,,False,,,p0003,,stage_a_no_detection
4,True,100.0,100.0,99.6,819,46.4,46.4,True,41621.6,113,1377,1395,19,t135,0.9953,214.0,T:t135,SOLO,1.0,False,,p0003,p0003,True,present
4,True,100.0,100.0,99.6,819,46.4,46.4,True,41621.6,114,1396,1396,1,,,,,,,False,,,p0003,,stage_a_no_detection
4,True,100.0,100.0,99.6,819,46.4,46.4,True,41621.6,115,1397,1397,1,t135,0.9953,214.0,T:t135,SOLO,1.0,False,,p0003,p0003,True,present
4,True,100.0,100.0,99.6,819,46.4,46.4,True,41621.6,116,1398,1399,2,,,,,,,False,,,p0003,,stage_a_no_detection
4,True,100.0,100.0,99.6,819,46.4,46.4,True,41621.6,117,1400,1401,2,t135,0.9953,214.0,T:t135,SOLO,1.0,False,,p0003,p0003,True,present
4,True,100.0,100.0,99.6,819,46.4,46.4,True,41621.6,118,1402,1404,3,,,,,,,False,,,p0003,,stage_a_no_detection
4,True,100.0,100.0,99.6,819,46.4,46.4,True,41621.6,119,1405,1427,23,t135,0.9953,214.0,T:t135,SOLO,1.0,False,,p0003,p0003,True,present
4,True,100.0,100.0,99.6,819,46.4,46.4,True,41621.6,120,1428,1432,5,,,,,,,False,,,p0003,,stage_a_no_detection
4,True,100.0,100.0,99.6,819,46.4,46.4,True,41621.6,121,1433,1433,1,t135,0.9953,214.0,T:t135,SOLO,1.0,False,,p0003,p0003,True,present
4,True,100.0,100.0,99.6,819,46.4,46.4,True,41621.6,122,1434,1437,4,,,,,,,False,,,p0003,,stage_a_no_detection
4,True,100.0,100.0,99.6,819,46.4,46.4,True,41621.6,123,1438,1440,3,t135,0.9953,214.0,T:t135,SOLO,1.0,False,,p0003,p0003,True,present
4,True,100.0,100.0,99.6,819,46.4,46.4,True,41621.6,124,1441,1441,1,,,,,,,False,,,p0003,,stage_a_no_detection
4,True,100.0,100.0,99.6,819,46.4,46.4,True,41621.6,125,1442,1453,12,t135,0.9953,214.0,T:t135,SOLO,1.0,False,,p0003,p0003,True,present
4,True,100.0,100.0,99.6,819,46.4,46.4,True,41621.6,126,1454,1454,1,,,,,,,False,,,p0003,,stage_a_no_detection
4,True,100.0,100.0,99.6,819,46.4,46.4,True,41621.6,127,1455,1457,3,t135,0.9953,214.0,T:t135,SOLO,1.0,False,,p0003,p0003,True,present
4,True,100.0,100.0,99.6,819,46.4,46.4,True,41621.6,128,1458,1477,20,,,,,,,False,,,p0003,,stage_a_no_detection
4,True,100.0,100.0,99.6,819,46.4,46.4,True,41621.6,129,1478,1478,1,t135,0.9953,214.0,T:t135,SOLO,1.0,False,,p0003,p0003,True,present
4,True,100.0,100.0,99.6,819,46.4,46.4,True,41621.6,130,1479,1479,1,,,,,,,False,,,p0003,,stage_a_no_detection
4,True,100.0,100.0,99.6,819,46.4,46.4,True,41621.6,131,1480,1480,1,t135,0.9953,214.0,T:t135,SOLO,1.0,False,,p0003,p0003,True,present
4,True,100.0,100.0,99.6,819,46.4,46.4,True,41621.6,132,1481,1492,12,,,,,,,False,,,p0003,,stage_a_no_detection
4,True,100.0,100.0,99.6,819,46.4,46.4,True,41621.6,133,1493,1511,19,t135,0.9953,214.0,T:t135,SOLO,1.0,False,,p0003,p0003,True,present
4,True,100.0,100.0,99.6,819,46.4,46.4,True,41621.6,134,1512,1528,17,,,,,,,False,,,p0003,,stage_a_no_detection
4,True,100.0,100.0,99.6,819,46.4,46.4,True,41621.6,135,1529,1550,22,t135,0.9953,214.0,T:t135,SOLO,1.0,False,,p0003,p0003,True,present
4,True,100.0,100.0,99.6,819,46.4,46.4,True,41621.6,136,1551,1555,5,,,,,,,False,,,p0003,,stage_a_no_detection
4,True,100.0,100.0,99.6,819,46.4,46.4,True,41621.6,137,1556,1565,10,t135,0.9953,214.0,T:t135,SOLO,1.0,False,,p0003,p0003,True,present
4,True,100.0,100.0,99.6,819,46.4,46.4,True,41621.6,138,1566,1567,2,,,,,,,False,,,p0003,,stage_a_no_detection
4,True,100.0,100.0,99.6,819,46.4,46.4,True,41621.6,139,1568,1570,3,t135,0.9953,214.0,T:t135,SOLO,1.0,False,,p0003,p0003,True,present
4,True,100.0,100.0,99.6,819,46.4,46.4,True,41621.6,140,1571,1571,1,,,,,,,False,,,p0003,,stage_a_no_detection
4,True,100.0,100.0,99.6,819,46.4,46.4,True,41621.6,141,1572,1573,2,t135,0.9953,214.0,T:t135,SOLO,1.0,False,,p0003,p0003,True,present
4,True,100.0,100.0,99.6,819,46.4,46.4,True,41621.6,142,1574,1576,3,,,,,,,False,,,p0003,,stage_a_no_detection
4,True,100.0,100.0,99.6,819,46.4,46.4,True,41621.6,143,1577,1577,1,t2,0.2875,1666.0,T:t2:s14:1265-1577,,,False,,p0001,p0003,False,present_misattributed
4,True,100.0,100.0,99.6,819,46.4,46.4,True,41621.6,144,1578,1587,10,,,,,,,False,,,p0003,,stage_a_no_detection
4,True,100.0,100.0,99.6,819,46.4,46.4,True,41621.6,145,1588,1596,9,t161,1.0,18.0,T:t161,SOLO,1.0,False,,p0003,p0003,True,present
4,True,100.0,100.0,99.6,819,46.4,46.4,True,41621.6,146,1597,1599,3,,,,,,,False,,,p0003,,stage_a_no_detection
4,True,100.0,100.0,99.6,819,46.4,46.4,True,41621.6,147,1600,1600,1,t161,1.0,18.0,T:t161,SOLO,1.0,False,,p0003,p0003,True,present
4,True,100.0,100.0,99.6,819,46.4,46.4,True,41621.6,148,1601,1601,1,,,,,,,False,,,p0003,,stage_a_no_detection
4,True,100.0,100.0,99.6,819,46.4,46.4,True,41621.6,149,1602,1602,1,t161,1.0,18.0,T:t161,SOLO,1.0,False,,p0003,p0003,True,present
4,True,100.0,100.0,99.6,819,46.4,46.4,True,41621.6,150,1603,1608,6,,,,,,,False,,,p0003,,stage_a_no_detection
4,True,100.0,100.0,99.6,819,46.4,46.4,True,41621.6,151,1609,1609,1,t161,1.0,18.0,T:t161,SOLO,1.0,False,,p0003,p0003,True,present
4,True,100.0,100.0,99.6,819,46.4,46.4,True,41621.6,152,1610,1611,2,,,,,,,False,,,p0003,,stage_a_no_detection
4,True,100.0,100.0,99.6,819,46.4,46.4,True,41621.6,153,1612,1612,1,t161,1.0,18.0,T:t161,SOLO,1.0,False,,p0003,p0003,True,present
4,True,100.0,100.0,99.6,819,46.4,46.4,True,41621.6,154,1613,1622,10,,,,,,,False,,,p0003,,stage_a_no_detection
4,True,100.0,100.0,99.6,819,46.4,46.4,True,41621.6,155,1623,1624,2,t161,1.0,18.0,T:t161,SOLO,1.0,False,,p0003,p0003,True,present
4,True,100.0,100.0,99.6,819,46.4,46.4,True,41621.6,156,1625,1626,2,,,,,,,False,,,p0003,,stage_a_no_detection
4,True,100.0,100.0,99.6,819,46.4,46.4,True,41621.6,157,1627,1631,5,t2,0.2875,1666.0,T:t2:s16:1588-1648,,,False,,p0001,p0003,False,present_misattributed
4,True,100.0,100.0,99.6,819,46.4,46.4,True,41621.6,158,1632,1638,7,,,,,,,False,,,p0003,,stage_a_no_detection
4,True,100.0,100.0,99.6,819,46.4,46.4,True,41621.6,159,1639,1640,2,t161,1.0,18.0,T:t161,SOLO,1.0,False,,p0003,p0003,True,present
4,True,100.0,100.0,99.6,819,46.4,46.4,True,41621.6,160,1641,1647,7,,,,,,,False,,,p0003,,stage_a_no_detection
4,True,100.0,100.0,99.6,819,46.4,46.4,True,41621.6,161,1648,1648,1,t161,1.0,18.0,T:t161,SOLO,1.0,False,,p0003,p0003,True,present
4,True,100.0,100.0,99.6,819,46.4,46.4,True,41621.6,162,1649,1715,67,,,,,,,False,,,p0003,,stage_a_no_detection
4,True,100.0,100.0,99.6,819,46.4,46.4,True,41621.6,163,1716,1716,1,t2,0.2875,1666.0,G:1649-1716:carrier=t2:d=t161:n=t165,,,False,,p0003,p0003,True,present
4,True,100.0,100.0,99.6,819,46.4,46.4,True,41621.6,164,1717,1718,2,t2,0.2875,1666.0,T:t2:s18:1717-1735,,,False,,p0001,p0003,False,present_misattributed
4,True,100.0,100.0,99.6,819,46.4,46.4,True,41621.6,165,1719,1720,2,,,,,,,False,,,p0003,,stage_a_no_detection
4,True,100.0,100.0,99.6,819,46.4,46.4,True,41621.6,166,1721,1721,1,t2,0.2875,1666.0,T:t2:s18:1717-1735,,,False,,p0001,p0003,False,present_misattributed
4,True,100.0,100.0,99.6,819,46.4,46.4,True,41621.6,167,1722,1734,13,,,,,,,False,,,p0003,,stage_a_no_detection
4,True,100.0,100.0,99.6,819,46.4,46.4,True,41621.6,168,1735,1735,1,t165,0.25,4.0,T:t165,,,False,,p0003,p0003,True,present
4,True,100.0,100.0,99.6,819,46.4,46.4,True,41621.6,169,1736,1741,6,,,,,,,False,,,p0003,,stage_a_no_detection
4,True,100.0,100.0,99.6,819,46.4,46.4,True,41621.6,170,1742,1753,12,t2,0.2875,1666.0,G:1736-1763:carrier=t2:d=t165:n=none,,,False,,p0003,p0003,True,present
4,True,100.0,100.0,99.6,819,46.4,46.4,True,41621.6,171,1754,1756,3,,,,,,,False,,,p0003,,stage_a_no_detection
4,True,100.0,100.0,99.6,819,46.4,46.4,True,41621.6,172,1757,1763,7,t2,0.2875,1666.0,G:1736-1763:carrier=t2:d=t165:n=none,,,False,,p0003,p0003,True,present
5,True,100.0,100.0,100.0,1321,74.9,74.8,False,5175.3,0,0,2,4,,,,,,,False,,,p0012,,stage_a_no_detection
5,True,100.0,100.0,100.0,1321,74.9,74.8,False,5175.3,1,3,3,1,t6,1.0,1.0,T:t6,,,False,,p0009,p0012,False,present_misattributed
5,True,100.0,100.0,100.0,1321,74.9,74.8,False,5175.3,2,4,4,1,t4,0.5757,1249.0,G:4-76:carrier=t4:d=t6:n=none,,,False,,p0006,p0012,False,present_misattributed
5,True,100.0,100.0,100.0,1321,74.9,74.8,False,5175.3,3,5,5,1,,,,,,,False,,,p0012,,stage_a_no_detection
5,True,100.0,100.0,100.0,1321,74.9,74.8,False,5175.3,4,6,6,1,t4,0.5757,1249.0,G:4-76:carrier=t4:d=t6:n=none,,,False,,p0006,p0012,False,present_misattributed
5,True,100.0,100.0,100.0,1321,74.9,74.8,False,5175.3,5,7,7,1,,,,,,,False,,,p0012,,stage_a_no_detection
5,True,100.0,100.0,100.0,1321,74.9,74.8,False,5175.3,6,8,8,1,t4,0.5757,1249.0,G:4-76:carrier=t4:d=t6:n=none,,,False,,p0006,p0012,False,present_misattributed
5,True,100.0,100.0,100.0,1321,74.9,74.8,False,5175.3,7,9,9,1,,,,,,,False,,,p0012,,stage_a_no_detection
5,True,100.0,100.0,100.0,1321,74.9,74.8,False,5175.3,8,10,26,17,t4,0.5757,1249.0,G:4-76:carrier=t4:d=t6:n=none,,,False,,p0006,p0012,False,present_misattributed
5,True,100.0,100.0,100.0,1321,74.9,74.8,False,5175.3,9,27,27,1,,,,,,,False,,,p0012,,stage_a_no_detection
5,True,100.0,100.0,100.0,1321,74.9,74.8,False,5175.3,10,28,41,14,t4,0.5757,1249.0,G:4-76:carrier=t4:d=t6:n=none,,,False,,p0006,p0012,False,present_misattributed
5,True,100.0,100.0,100.0,1321,74.9,74.8,False,5175.3,11,42,53,12,,,,,,,False,,,p0012,,stage_a_no_detection
5,True,100.0,100.0,100.0,1321,74.9,74.8,False,5175.3,12,54,54,1,t4,0.5757,1249.0,G:4-76:carrier=t4:d=t6:n=none,,,False,,p0006,p0012,False,present_misattributed
5,True,100.0,100.0,100.0,1321,74.9,74.8,False,5175.3,13,55,80,26,,,,,,,False,,,p0012,,stage_a_no_detection
5,True,100.0,100.0,100.0,1321,74.9,74.8,False,5175.3,14,81,81,1,t4,0.5757,1249.0,,,,False,,p0013,p0012,False,present_misattributed
5,True,100.0,100.0,100.0,1321,74.9,74.8,False,5175.3,15,82,83,2,,,,,,,False,,,p0012,,stage_a_no_detection
5,True,100.0,100.0,100.0,1321,74.9,74.8,False,5175.3,16,84,89,6,t4,0.5757,1249.0,,,,False,,p0013,p0012,False,present_misattributed
5,True,100.0,100.0,100.0,1321,74.9,74.8,False,5175.3,17,90,102,13,t4,0.5757,1249.0,,,,False,,p0012,p0012,True,present
5,True,100.0,100.0,100.0,1321,74.9,74.8,False,5175.3,18,103,108,6,,,,,,,False,,,p0012,,stage_a_no_detection
5,True,100.0,100.0,100.0,1321,74.9,74.8,False,5175.3,19,109,110,2,t4,0.5757,1249.0,,,,False,,p0009,p0012,False,present_misattributed
5,True,100.0,100.0,100.0,1321,74.9,74.8,False,5175.3,20,111,113,3,,,,,,,False,,,p0012,,stage_a_no_detection
5,True,100.0,100.0,100.0,1321,74.9,74.8,False,5175.3,21,114,120,7,t4,0.5757,1249.0,,,,False,,p0009,p0012,False,present_misattributed
5,True,100.0,100.0,100.0,1321,74.9,74.8,False,5175.3,22,121,121,1,,,,,,,False,,,p0012,,stage_a_no_detection
5,True,100.0,100.0,100.0,1321,74.9,74.8,False,5175.3,23,122,133,12,t4,0.5757,1249.0,,,,False,,p0012,p0012,True,present
5,True,100.0,100.0,100.0,1321,74.9,74.8,False,5175.3,24,134,134,1,t23,0.3333,3.0,T:t23,SOLO,1.0,False,,p0009,p0012,False,present_misattributed
5,True,100.0,100.0,100.0,1321,74.9,74.8,False,5175.3,25,135,135,1,,,,,,,False,,,p0012,,stage_a_no_detection
5,True,100.0,100.0,100.0,1321,74.9,74.8,False,5175.3,26,136,139,4,t4,0.5757,1249.0,,,,False,,p0012,p0012,True,present
5,True,100.0,100.0,100.0,1321,74.9,74.8,False,5175.3,27,140,140,1,t26,1.0,1.0,T:t26,,,False,,p0009,p0012,False,present_misattributed
5,True,100.0,100.0,100.0,1321,74.9,74.8,False,5175.3,28,141,159,19,t4,0.5757,1249.0,,,,False,,p0012,p0012,True,present
5,True,100.0,100.0,100.0,1321,74.9,74.8,False,5175.3,29,160,160,1,,,,,,,False,,,p0012,,stage_a_no_detection
5,True,100.0,100.0,100.0,1321,74.9,74.8,False,5175.3,30,161,161,1,t4,0.5757,1249.0,,,,False,,p0012,p0012,True,present
5,True,100.0,100.0,100.0,1321,74.9,74.8,False,5175.3,31,162,162,1,,,,,,,False,,,p0012,,stage_a_no_detection
5,True,100.0,100.0,100.0,1321,74.9,74.8,False,5175.3,32,163,201,39,t4,0.5757,1249.0,,,,False,,p0012,p0012,True,present
5,True,100.0,100.0,100.0,1321,74.9,74.8,False,5175.3,33,202,203,2,,,,,,,False,,,p0012,,stage_a_no_detection
5,True,100.0,100.0,100.0,1321,74.9,74.8,False,5175.3,34,204,204,1,t4,0.5757,1249.0,,,,False,,p0009,p0012,False,present_misattributed
5,True,100.0,100.0,100.0,1321,74.9,74.8,False,5175.3,35,205,205,1,,,,,,,False,,,p0012,,stage_a_no_detection
5,True,100.0,100.0,100.0,1321,74.9,74.8,False,5175.3,36,206,305,100,t4,0.5757,1249.0,,,,False,,p0012,p0012,True,present
5,True,100.0,100.0,100.0,1321,74.9,74.8,False,5175.3,37,306,308,3,,,,,,,False,,,p0012,,stage_a_no_detection
5,True,100.0,100.0,100.0,1321,74.9,74.8,False,5175.3,38,309,309,1,t4,0.5757,1249.0,,,,False,,p0012,p0012,True,present
5,True,100.0,100.0,100.0,1321,74.9,74.8,False,5175.3,39,310,310,1,,,,,,,False,,,p0012,,stage_a_no_detection
5,True,100.0,100.0,100.0,1321,74.9,74.8,False,5175.3,40,311,509,199,t4,0.5757,1249.0,,,,False,,p0012,p0012,True,present
5,True,100.0,100.0,100.0,1321,74.9,74.8,False,5175.3,41,510,518,9,t4,0.5757,1249.0,,,,False,,p0005,p0012,False,present_misattributed
5,True,100.0,100.0,100.0,1321,74.9,74.8,False,5175.3,42,519,520,2,,,,,,,False,,,p0012,,stage_a_no_detection
5,True,100.0,100.0,100.0,1321,74.9,74.8,False,5175.3,43,521,629,109,t4,0.5757,1249.0,,,,False,,p0005,p0012,False,present_misattributed
5,True,100.0,100.0,100.0,1321,74.9,74.8,False,5175.3,44,630,682,53,t4,0.5757,1249.0,,,,False,,p0011,p0012,False,present_misattributed
5,True,100.0,100.0,100.0,1321,74.9,74.8,False,5175.3,45,683,683,1,,,,,,,False,,,p0012,,stage_a_no_detection
5,True,100.0,100.0,100.0,1321,74.9,74.8,False,5175.3,46,684,719,36,t4,0.5757,1249.0,,,,False,,p0011,p0012,False,present_misattributed
5,True,100.0,100.0,100.0,1321,74.9,74.8,False,5175.3,47,720,753,34,t4,0.5757,1249.0,,,,False,,p0007,p0012,False,present_misattributed
5,True,100.0,100.0,100.0,1321,74.9,74.8,False,5175.3,48,754,778,25,,,,,,,False,,,p0012,,stage_a_no_detection
5,True,100.0,100.0,100.0,1321,74.9,74.8,False,5175.3,49,779,780,2,t4,0.5757,1249.0,,,,False,,p0007,p0012,False,present_misattributed
5,True,100.0,100.0,100.0,1321,74.9,74.8,False,5175.3,50,781,781,1,,,,,,,False,,,p0012,,stage_a_no_detection
5,True,100.0,100.0,100.0,1321,74.9,74.8,False,5175.3,51,782,782,1,t4,0.5757,1249.0,,,,False,,p0007,p0012,False,present_misattributed
5,True,100.0,100.0,100.0,1321,74.9,74.8,False,5175.3,52,783,790,8,,,,,,,False,,,p0012,,stage_a_no_detection
5,True,100.0,100.0,100.0,1321,74.9,74.8,False,5175.3,53,791,792,2,t4,0.5757,1249.0,,,,False,,p0007,p0012,False,present_misattributed
5,True,100.0,100.0,100.0,1321,74.9,74.8,False,5175.3,54,793,793,1,,,,,,,False,,,p0012,,stage_a_no_detection
5,True,100.0,100.0,100.0,1321,74.9,74.8,False,5175.3,55,794,795,2,t4,0.5757,1249.0,,,,False,,p0007,p0012,False,present_misattributed
5,True,100.0,100.0,100.0,1321,74.9,74.8,False,5175.3,56,796,798,3,,,,,,,False,,,p0012,,stage_a_no_detection
5,True,100.0,100.0,100.0,1321,74.9,74.8,False,5175.3,57,799,825,27,t4,0.5757,1249.0,,,,False,,p0007,p0012,False,present_misattributed
5,True,100.0,100.0,100.0,1321,74.9,74.8,False,5175.3,58,826,941,116,,,,,,,False,,,p0012,,stage_a_no_detection
5,True,100.0,100.0,100.0,1321,74.9,74.8,False,5175.3,59,942,975,34,t106,0.7857,126.0,T:t106,,,False,,p0007,p0012,False,present_misattributed
5,True,100.0,100.0,100.0,1321,74.9,74.8,False,5175.3,60,976,977,2,,,,,,,False,,,p0012,,stage_a_no_detection
5,True,100.0,100.0,100.0,1321,74.9,74.8,False,5175.3,61,978,978,1,t106,0.7857,126.0,T:t106,,,False,,p0007,p0012,False,present_misattributed
5,True,100.0,100.0,100.0,1321,74.9,74.8,False,5175.3,62,979,980,2,,,,,,,False,,,p0012,,stage_a_no_detection
5,True,100.0,100.0,100.0,1321,74.9,74.8,False,5175.3,63,981,997,17,t106,0.7857,126.0,T:t106,,,False,,p0007,p0012,False,present_misattributed
5,True,100.0,100.0,100.0,1321,74.9,74.8,False,5175.3,64,998,998,1,,,,,,,False,,,p0012,,stage_a_no_detection
5,True,100.0,100.0,100.0,1321,74.9,74.8,False,5175.3,65,999,1015,17,t106,0.7857,126.0,T:t106,,,False,,p0007,p0012,False,present_misattributed
5,True,100.0,100.0,100.0,1321,74.9,74.8,False,5175.3,66,1016,1018,3,,,,,,,False,,,p0012,,stage_a_no_detection
5,True,100.0,100.0,100.0,1321,74.9,74.8,False,5175.3,67,1019,1027,9,t106,0.7857,126.0,T:t106,,,False,,p0007,p0012,False,present_misattributed
5,True,100.0,100.0,100.0,1321,74.9,74.8,False,5175.3,68,1028,1030,3,,,,,,,False,,,p0012,,stage_a_no_detection
5,True,100.0,100.0,100.0,1321,74.9,74.8,False,5175.3,69,1031,1031,1,t106,0.7857,126.0,,,,False,,p0011,p0012,False,present_misattributed
5,True,100.0,100.0,100.0,1321,74.9,74.8,False,5175.3,70,1032,1035,4,,,,,,,False,,,p0012,,stage_a_no_detection
5,True,100.0,100.0,100.0,1321,74.9,74.8,False,5175.3,71,1036,1037,2,t106,0.7857,126.0,,,,False,,p0011,p0012,False,present_misattributed
5,True,100.0,100.0,100.0,1321,74.9,74.8,False,5175.3,72,1038,1039,2,,,,,,,False,,,p0012,,stage_a_no_detection
5,True,100.0,100.0,100.0,1321,74.9,74.8,False,5175.3,73,1040,1042,3,t106,0.7857,126.0,,,,False,,p0011,p0012,False,present_misattributed
5,True,100.0,100.0,100.0,1321,74.9,74.8,False,5175.3,74,1043,1043,1,,,,,,,False,,,p0012,,stage_a_no_detection
5,True,100.0,100.0,100.0,1321,74.9,74.8,False,5175.3,75,1044,1054,11,t106,0.7857,126.0,,,,False,,p0011,p0012,False,present_misattributed
5,True,100.0,100.0,100.0,1321,74.9,74.8,False,5175.3,76,1055,1055,1,,,,,,,False,,,p0012,,stage_a_no_detection
5,True,100.0,100.0,100.0,1321,74.9,74.8,False,5175.3,77,1056,1059,4,t106,0.7857,126.0,,,,False,,p0011,p0012,False,present_misattributed
5,True,100.0,100.0,100.0,1321,74.9,74.8,False,5175.3,78,1060,1081,22,,,,,,,False,,,p0012,,stage_a_no_detection
5,True,100.0,100.0,100.0,1321,74.9,74.8,False,5175.3,79,1082,1083,2,t115,1.0,3.0,T:t115,,,False,,p0011,p0012,False,present_misattributed
5,True,100.0,100.0,100.0,1321,74.9,74.8,False,5175.3,80,1084,1084,1,,,,,,,False,,,p0012,,stage_a_no_detection
5,True,100.0,100.0,100.0,1321,74.9,74.8,False,5175.3,81,1085,1085,1,t115,1.0,3.0,T:t115,,,False,,p0011,p0012,False,present_misattributed
5,True,100.0,100.0,100.0,1321,74.9,74.8,False,5175.3,82,1086,1104,19,,,,,,,False,,,p0012,,stage_a_no_detection
5,True,100.0,100.0,100.0,1321,74.9,74.8,False,5175.3,83,1105,1106,2,t4,0.5757,1249.0,,,,False,,p0004,p0012,False,present_misattributed
5,True,100.0,100.0,100.0,1321,74.9,74.8,False,5175.3,84,1107,1109,3,,,,,,,False,,,p0012,,stage_a_no_detection
5,True,100.0,100.0,100.0,1321,74.9,74.8,False,5175.3,85,1110,1111,2,t4,0.5757,1249.0,,,,False,,p0004,p0012,False,present_misattributed
5,True,100.0,100.0,100.0,1321,74.9,74.8,False,5175.3,86,1112,1132,21,,,,,,,False,,,p0012,,stage_a_no_detection
5,True,100.0,100.0,100.0,1321,74.9,74.8,False,5175.3,87,1133,1180,48,t120,0.9333,60.0,T:t120,,,False,,p0011,p0012,False,present_misattributed
5,True,100.0,100.0,100.0,1321,74.9,74.8,False,5175.3,88,1181,1181,1,,,,,,,False,,,p0012,,stage_a_no_detection
5,True,100.0,100.0,100.0,1321,74.9,74.8,False,5175.3,89,1182,1185,4,t120,0.9333,60.0,T:t120,,,False,,p0011,p0012,False,present_misattributed
5,True,100.0,100.0,100.0,1321,74.9,74.8,False,5175.3,90,1186,1186,1,,,,,,,False,,,p0012,,stage_a_no_detection
5,True,100.0,100.0,100.0,1321,74.9,74.8,False,5175.3,91,1187,1187,1,t120,0.9333,60.0,T:t120,,,False,,p0011,p0012,False,present_misattributed
5,True,100.0,100.0,100.0,1321,74.9,74.8,False,5175.3,92,1188,1195,8,,,,,,,False,,,p0012,,stage_a_no_detection
5,True,100.0,100.0,100.0,1321,74.9,74.8,False,5175.3,93,1196,1196,1,t120,0.9333,60.0,T:t120,,,False,,p0011,p0012,False,present_misattributed
5,True,100.0,100.0,100.0,1321,74.9,74.8,False,5175.3,94,1197,1212,16,,,,,,,False,,,p0012,,stage_a_no_detection
5,True,100.0,100.0,100.0,1321,74.9,74.8,False,5175.3,95,1213,1214,2,t120,0.9333,60.0,T:t120,,,False,,p0011,p0012,False,present_misattributed
5,True,100.0,100.0,100.0,1321,74.9,74.8,False,5175.3,96,1215,1270,56,,,,,,,False,,,p0012,,stage_a_no_detection
5,True,100.0,100.0,100.0,1321,74.9,74.8,False,5175.3,97,1271,1277,7,t137,0.9692,455.0,T:t137,SOLO,1.0,False,,p0007,p0012,False,present_misattributed
5,True,100.0,100.0,100.0,1321,74.9,74.8,False,5175.3,98,1278,1278,1,,,,,,,False,,,p0012,,stage_a_no_detection
5,True,100.0,100.0,100.0,1321,74.9,74.8,False,5175.3,99,1279,1322,44,t137,0.9692,455.0,T:t137,SOLO,1.0,False,,p0007,p0012,False,present_misattributed
5,True,100.0,100.0,100.0,1321,74.9,74.8,False,5175.3,100,1323,1326,4,,,,,,,False,,,p0012,,stage_a_no_detection
5,True,100.0,100.0,100.0,1321,74.9,74.8,False,5175.3,101,1327,1327,1,t137,0.9692,455.0,T:t137,SOLO,1.0,False,,p0007,p0012,False,present_misattributed
5,True,100.0,100.0,100.0,1321,74.9,74.8,False,5175.3,102,1328,1328,1,,,,,,,False,,,p0012,,stage_a_no_detection
5,True,100.0,100.0,100.0,1321,74.9,74.8,False,5175.3,103,1329,1332,4,t137,0.9692,455.0,T:t137,SOLO,1.0,False,,p0007,p0012,False,present_misattributed
5,True,100.0,100.0,100.0,1321,74.9,74.8,False,5175.3,104,1333,1336,4,,,,,,,False,,,p0012,,stage_a_no_detection
5,True,100.0,100.0,100.0,1321,74.9,74.8,False,5175.3,105,1337,1337,1,t137,0.9692,455.0,T:t137,SOLO,1.0,False,,p0007,p0012,False,present_misattributed
5,True,100.0,100.0,100.0,1321,74.9,74.8,False,5175.3,106,1338,1339,2,,,,,,,False,,,p0012,,stage_a_no_detection
5,True,100.0,100.0,100.0,1321,74.9,74.8,False,5175.3,107,1340,1379,40,t137,0.9692,455.0,T:t137,SOLO,1.0,False,,p0007,p0012,False,present_misattributed
5,True,100.0,100.0,100.0,1321,74.9,74.8,False,5175.3,108,1380,1380,1,,,,,,,False,,,p0012,,stage_a_no_detection
5,True,100.0,100.0,100.0,1321,74.9,74.8,False,5175.3,109,1381,1381,1,t137,0.9692,455.0,T:t137,SOLO,1.0,False,,p0007,p0012,False,present_misattributed
5,True,100.0,100.0,100.0,1321,74.9,74.8,False,5175.3,110,1382,1412,31,t137,0.9692,455.0,,,,False,,,p0012,,d4_unassigned
5,True,100.0,100.0,100.0,1321,74.9,74.8,False,5175.3,111,1413,1413,1,,,,,,,False,,,p0012,,stage_a_no_detection
5,True,100.0,100.0,100.0,1321,74.9,74.8,False,5175.3,112,1414,1445,32,t137,0.9692,455.0,,,,False,,,p0012,,d4_unassigned
5,True,100.0,100.0,100.0,1321,74.9,74.8,False,5175.3,113,1446,1448,3,,,,,,,False,,,p0012,,stage_a_no_detection
5,True,100.0,100.0,100.0,1321,74.9,74.8,False,5175.3,114,1449,1512,64,t137,0.9692,455.0,,,,False,,,p0012,,d4_unassigned
5,True,100.0,100.0,100.0,1321,74.9,74.8,False,5175.3,115,1513,1513,1,,,,,,,False,,,p0012,,stage_a_no_detection
5,True,100.0,100.0,100.0,1321,74.9,74.8,False,5175.3,116,1514,1514,1,t137,0.9692,455.0,,,,False,,,p0012,,d4_unassigned
5,True,100.0,100.0,100.0,1321,74.9,74.8,False,5175.3,117,1515,1515,1,,,,,,,False,,,p0012,,stage_a_no_detection
5,True,100.0,100.0,100.0,1321,74.9,74.8,False,5175.3,118,1516,1552,37,t137,0.9692,455.0,,,,False,,,p0012,,d4_unassigned
5,True,100.0,100.0,100.0,1321,74.9,74.8,False,5175.3,119,1553,1553,1,,,,,,,False,,,p0012,,stage_a_no_detection
5,True,100.0,100.0,100.0,1321,74.9,74.8,False,5175.3,120,1554,1555,2,t137,0.9692,455.0,,,,False,,,p0012,,d4_unassigned
5,True,100.0,100.0,100.0,1321,74.9,74.8,False,5175.3,121,1556,1557,2,,,,,,,False,,,p0012,,stage_a_no_detection
5,True,100.0,100.0,100.0,1321,74.9,74.8,False,5175.3,122,1558,1580,23,t137,0.9692,455.0,,,,False,,,p0012,,d4_unassigned
5,True,100.0,100.0,100.0,1321,74.9,74.8,False,5175.3,123,1581,1582,2,,,,,,,False,,,p0012,,stage_a_no_detection
5,True,100.0,100.0,100.0,1321,74.9,74.8,False,5175.3,124,1583,1612,30,t137,0.9692,455.0,,,,False,,,p0012,,d4_unassigned
5,True,100.0,100.0,100.0,1321,74.9,74.8,False,5175.3,125,1613,1614,2,,,,,,,False,,,p0012,,stage_a_no_detection
5,True,100.0,100.0,100.0,1321,74.9,74.8,False,5175.3,126,1615,1617,3,t137,0.9692,455.0,,,,False,,,p0012,,d4_unassigned
5,True,100.0,100.0,100.0,1321,74.9,74.8,False,5175.3,127,1618,1618,1,,,,,,,False,,,p0012,,stage_a_no_detection
5,True,100.0,100.0,100.0,1321,74.9,74.8,False,5175.3,128,1619,1630,12,t137,0.9692,455.0,,,,False,,,p0012,,d4_unassigned
5,True,100.0,100.0,100.0,1321,74.9,74.8,False,5175.3,129,1631,1631,1,,,,,,,False,,,p0012,,stage_a_no_detection
5,True,100.0,100.0,100.0,1321,74.9,74.8,False,5175.3,130,1632,1673,42,t137,0.9692,455.0,,,,False,,,p0012,,d4_unassigned
5,True,100.0,100.0,100.0,1321,74.9,74.8,False,5175.3,131,1674,1674,1,,,,,,,False,,,p0012,,stage_a_no_detection
5,True,100.0,100.0,100.0,1321,74.9,74.8,False,5175.3,132,1675,1680,6,t137,0.9692,455.0,,,,False,,,p0012,,d4_unassigned
5,True,100.0,100.0,100.0,1321,74.9,74.8,False,5175.3,133,1681,1685,5,,,,,,,False,,,p0012,,stage_a_no_detection
5,True,100.0,100.0,100.0,1321,74.9,74.8,False,5175.3,134,1686,1687,2,t137,0.9692,455.0,,,,False,,,p0012,,d4_unassigned
5,True,100.0,100.0,100.0,1321,74.9,74.8,False,5175.3,135,1688,1692,5,,,,,,,False,,,p0012,,stage_a_no_detection
5,True,100.0,100.0,100.0,1321,74.9,74.8,False,5175.3,136,1693,1694,2,t137,0.9692,455.0,,,,False,,,p0012,,d4_unassigned
5,True,100.0,100.0,100.0,1321,74.9,74.8,False,5175.3,137,1695,1700,6,,,,,,,False,,,p0012,,stage_a_no_detection
5,True,100.0,100.0,100.0,1321,74.9,74.8,False,5175.3,138,1701,1703,3,t137,0.9692,455.0,,,,False,,,p0012,,d4_unassigned
5,True,100.0,100.0,100.0,1321,74.9,74.8,False,5175.3,139,1704,1710,7,,,,,,,False,,,p0012,,stage_a_no_detection
5,True,100.0,100.0,100.0,1321,74.9,74.8,False,5175.3,140,1711,1752,42,t137,0.9692,455.0,,,,False,,,p0012,,d4_unassigned
5,True,100.0,100.0,100.0,1321,74.9,74.8,False,5175.3,141,1753,1753,1,t137,0.9692,455.0,,,,False,,p0005,p0012,False,present_misattributed
5,True,100.0,100.0,100.0,1321,74.9,74.8,False,5175.3,142,1754,1763,10,t137,0.9692,455.0,,,,False,,p0012,p0012,True,present
6,True,100.0,100.0,100.0,68,3.9,3.9,True,5059.7,0,0,1,3,,,,,,,False,,,p0009,,stage_a_no_detection
6,True,100.0,100.0,100.0,68,3.9,3.9,True,5059.7,1,2,3,2,t4,0.0408,1249.0,T:t4:s0:2-3,,,False,,p0006,p0009,False,present_misattributed
6,True,100.0,100.0,100.0,68,3.9,3.9,True,5059.7,2,4,41,38,,,,,,,False,,,p0009,,stage_a_no_detection
6,True,100.0,100.0,100.0,68,3.9,3.9,True,5059.7,3,42,53,12,t4,0.0408,1249.0,G:4-76:carrier=t4:d=t6:n=none,,,False,,p0009,p0009,True,present
6,True,100.0,100.0,100.0,68,3.9,3.9,True,5059.7,4,54,54,1,,,,,,,False,,,p0009,,stage_a_no_detection
6,True,100.0,100.0,100.0,68,3.9,3.9,True,5059.7,5,55,61,7,t4,0.0408,1249.0,G:4-76:carrier=t4:d=t6:n=none,,,False,,p0009,p0009,True,present
6,True,100.0,100.0,100.0,68,3.9,3.9,True,5059.7,6,62,63,2,,,,,,,False,,,p0009,,stage_a_no_detection
6,True,100.0,100.0,100.0,68,3.9,3.9,True,5059.7,7,64,64,1,t4,0.0408,1249.0,G:4-76:carrier=t4:d=t6:n=none,,,False,,p0009,p0009,True,present
6,True,100.0,100.0,100.0,68,3.9,3.9,True,5059.7,8,65,65,1,,,,,,,False,,,p0009,,stage_a_no_detection
6,True,100.0,100.0,100.0,68,3.9,3.9,True,5059.7,9,66,66,1,t4,0.0408,1249.0,G:4-76:carrier=t4:d=t6:n=none,,,False,,p0009,p0009,True,present
6,True,100.0,100.0,100.0,68,3.9,3.9,True,5059.7,10,67,67,1,,,,,,,False,,,p0009,,stage_a_no_detection
6,True,100.0,100.0,100.0,68,3.9,3.9,True,5059.7,11,68,68,1,t4,0.0408,1249.0,G:4-76:carrier=t4:d=t6:n=none,,,False,,p0009,p0009,True,present
6,True,100.0,100.0,100.0,68,3.9,3.9,True,5059.7,12,69,69,1,,,,,,,False,,,p0009,,stage_a_no_detection
6,True,100.0,100.0,100.0,68,3.9,3.9,True,5059.7,13,70,70,1,t4,0.0408,1249.0,G:4-76:carrier=t4:d=t6:n=none,,,False,,p0009,p0009,True,present
6,True,100.0,100.0,100.0,68,3.9,3.9,True,5059.7,14,71,110,40,,,,,,,False,,,p0009,,stage_a_no_detection
6,True,100.0,100.0,100.0,68,3.9,3.9,True,5059.7,15,111,111,1,t4,0.0408,1249.0,,,,False,,p0009,p0009,True,present
6,True,100.0,100.0,100.0,68,3.9,3.9,True,5059.7,16,112,112,1,,,,,,,False,,,p0009,,stage_a_no_detection
6,True,100.0,100.0,100.0,68,3.9,3.9,True,5059.7,17,113,113,1,t4,0.0408,1249.0,,,,False,,p0009,p0009,True,present
6,True,100.0,100.0,100.0,68,3.9,3.9,True,5059.7,18,114,120,7,,,,,,,False,,,p0009,,stage_a_no_detection
6,True,100.0,100.0,100.0,68,3.9,3.9,True,5059.7,19,121,121,1,t4,0.0408,1249.0,,,,False,,p0012,p0009,False,present_misattributed
6,True,100.0,100.0,100.0,68,3.9,3.9,True,5059.7,20,122,123,2,,,,,,,False,,,p0009,,stage_a_no_detection
6,True,100.0,100.0,100.0,68,3.9,3.9,True,5059.7,21,124,125,2,t23,0.6667,3.0,T:t23,SOLO,1.0,False,,p0009,p0009,True,present
6,True,100.0,100.0,100.0,68,3.9,3.9,True,5059.7,22,126,753,628,,,,,,,False,,,p0009,,stage_a_no_detection
6,True,100.0,100.0,100.0,68,3.9,3.9,True,5059.7,23,754,755,2,t4,0.0408,1249.0,,,,False,,p0007,p0009,False,present_misattributed
6,True,100.0,100.0,100.0,68,3.9,3.9,True,5059.7,24,756,756,1,,,,,,,False,,,p0009,,stage_a_no_detection
6,True,100.0,100.0,100.0,68,3.9,3.9,True,5059.7,25,757,768,12,t4,0.0408,1249.0,,,,False,,p0007,p0009,False,present_misattributed
6,True,100.0,100.0,100.0,68,3.9,3.9,True,5059.7,26,769,769,1,,,,,,,False,,,p0009,,stage_a_no_detection
6,True,100.0,100.0,100.0,68,3.9,3.9,True,5059.7,27,770,770,1,t4,0.0408,1249.0,,,,False,,p0007,p0009,False,present_misattributed
6,True,100.0,100.0,100.0,68,3.9,3.9,True,5059.7,28,771,771,1,,,,,,,False,,,p0009,,stage_a_no_detection
6,True,100.0,100.0,100.0,68,3.9,3.9,True,5059.7,29,772,772,1,t4,0.0408,1249.0,,,,False,,p0007,p0009,False,present_misattributed
6,True,100.0,100.0,100.0,68,3.9,3.9,True,5059.7,30,773,786,14,,,,,,,False,,,p0009,,stage_a_no_detection
6,True,100.0,100.0,100.0,68,3.9,3.9,True,5059.7,31,787,790,4,t4,0.0408,1249.0,,,,False,,p0007,p0009,False,present_misattributed
6,True,100.0,100.0,100.0,68,3.9,3.9,True,5059.7,32,791,792,2,,,,,,,False,,,p0009,,stage_a_no_detection
6,True,100.0,100.0,100.0,68,3.9,3.9,True,5059.7,33,793,793,1,t4,0.0408,1249.0,,,,False,,p0007,p0009,False,present_misattributed
6,True,100.0,100.0,100.0,68,3.9,3.9,True,5059.7,34,794,795,2,,,,,,,False,,,p0009,,stage_a_no_detection
6,True,100.0,100.0,100.0,68,3.9,3.9,True,5059.7,35,796,797,2,t4,0.0408,1249.0,,,,False,,p0007,p0009,False,present_misattributed
6,True,100.0,100.0,100.0,68,3.9,3.9,True,5059.7,36,798,1445,648,,,,,,,False,,,p0009,,stage_a_no_detection
6,True,100.0,100.0,100.0,68,3.9,3.9,True,5059.7,37,1446,1448,3,t137,0.0308,455.0,,,,False,,,p0009,,d4_unassigned
6,True,100.0,100.0,100.0,68,3.9,3.9,True,5059.7,38,1449,1552,104,,,,,,,False,,,p0009,,stage_a_no_detection
6,True,100.0,100.0,100.0,68,3.9,3.9,True,5059.7,39,1553,1553,1,t137,0.0308,455.0,,,,False,,,p0009,,d4_unassigned
6,True,100.0,100.0,100.0,68,3.9,3.9,True,5059.7,40,1554,1680,127,,,,,,,False,,,p0009,,stage_a_no_detection
6,True,100.0,100.0,100.0,68,3.9,3.9,True,5059.7,41,1681,1685,5,t137,0.0308,455.0,,,,False,,,p0009,,d4_unassigned
6,True,100.0,100.0,100.0,68,3.9,3.9,True,5059.7,42,1686,1687,2,,,,,,,False,,,p0009,,stage_a_no_detection
6,True,100.0,100.0,100.0,68,3.9,3.9,True,5059.7,43,1688,1692,5,t137,0.0308,455.0,,,,False,,,p0009,,d4_unassigned
6,True,100.0,100.0,100.0,68,3.9,3.9,True,5059.7,44,1693,1752,60,,,,,,,False,,,p0009,,stage_a_no_detection
6,True,100.0,100.0,100.0,68,3.9,3.9,True,5059.7,45,1753,1753,1,t167,1.0,1.0,T:t167,SOLO,1.0,False,,p0012,p0009,False,present_misattributed
6,True,100.0,100.0,100.0,68,3.9,3.9,True,5059.7,46,1754,1763,10,,,,,,,False,,,p0009,,stage_a_no_detection
7,False,0.0,100.0,0.0,72,4.1,60.0,False,30456.9,0,210,223,14,,,,,,,False,,,p0014,,stage_a_no_detection
7,False,0.0,100.0,0.0,72,4.1,60.0,False,30456.9,1,224,244,21,t36,1.0,72.0,T:t36,SOLO,1.0,False,,p0014,p0014,True,present
7,False,0.0,100.0,0.0,72,4.1,60.0,False,30456.9,2,245,245,1,,,,,,,False,,,p0014,,stage_a_no_detection
7,False,0.0,100.0,0.0,72,4.1,60.0,False,30456.9,3,246,275,30,t36,1.0,72.0,T:t36,SOLO,1.0,False,,p0014,p0014,True,present
7,False,0.0,100.0,0.0,72,4.1,60.0,False,30456.9,4,276,286,11,,,,,,,False,,,p0014,,stage_a_no_detection
7,False,0.0,100.0,0.0,72,4.1,60.0,False,30456.9,5,287,294,8,t36,1.0,72.0,T:t36,SOLO,1.0,False,,p0014,p0014,True,present
7,False,0.0,100.0,0.0,72,4.1,60.0,False,30456.9,6,295,307,13,t36,1.0,72.0,,,,False,,p0016,p0014,False,present_misattributed
7,False,0.0,100.0,0.0,72,4.1,60.0,False,30456.9,7,308,329,22,,,,,,,False,,,p0014,,stage_a_no_detection
